243.49,80.851,232.24,145.52,223,208.79,194.7,141.67,172.81,231.17,269.8,149.34,276.66,236.08,188.69,269.54,193.08,405.74,238.8,274.65,220.62,405.19,200.77,314.31,259.5,322.43,175.01,517.88,214.55,534.98
243.46,79.737,232.38,144.6,223.08,208.02,194.79,140.64,172.75,230.52,269.94,148.56,276.66,235.94,188.73,268.81,193.39,404.73,238.87,274.1,221.17,404.47,201,313.49,259.14,322.12,175.5,516.65,214.68,534.77
243.57,80.292,232.64,144.89,223.34,208.12,195.02,141,172.36,229.35,270.22,148.79,276.85,234.96,189.01,268.72,193.44,404.7,239.17,273.91,221.11,403.87,200.38,312.45,259.64,321.3,175.8,517.14,216.55,534.22
243.79,80.555,232.54,145.01,223.16,208.12,194.93,141.01,172.34,229.26,270.16,149.01,276.9,234.85,188.68,268.58,191.58,404.75,238.85,273.91,221.17,403.94,200.7,312.21,259.46,321.13,175.59,518.87,214.39,534.32
243.31,79.642,232.28,144.47,223.01,207.84,194.69,140.5,172.22,229.59,269.87,148.43,276.81,235.11,188.64,268.56,191.89,404.73,238.81,273.85,222.52,403.79,201.17,312.22,259.55,321.48,175.73,518.55,214.3,534.37
243.08,79.026,232.25,144.04,223.15,207.57,194.58,140.04,171.79,229.43,269.92,148.05,276.8,235.12,188.93,268.42,192.19,404.72,239.18,273.77,222.54,403.56,200.92,311.94,259.52,321.59,175.92,518.29,214.89,534.29
242.95,79.399,232.16,144.15,223.06,207.53,194.43,140.11,171.26,228.14,269.86,148.16,276.88,234.6,188.79,268.24,192.05,404.7,239.09,273.62,221.77,403.34,199.96,310.8,259.76,321.16,175.03,519.01,214.23,533.73
242.7,79.49,232.42,144.4,223.62,207.96,194.7,140.57,171.03,227.6,270.15,148.23,276.93,234.57,189.64,268.96,192.93,405.48,239.97,274.05,223.12,403.96,199.73,310.11,259.49,321.09,176.44,519.79,213.66,534.26
242.55,79.127,232.6,144.37,223.97,208.08,194.87,140.68,171.41,227.14,270.3,148.06,277.37,234.15,190.18,269.33,191.96,405.92,240.52,274.25,222.08,403.76,199.33,309.99,259.52,320.59,179.48,520.1,212.64,534.18
242.14,78.373,232.06,143.95,223.48,207.88,194.22,139.97,171.93,226.79,269.87,147.93,278.09,233.81,189.7,269.17,190.65,405.83,240.14,274.46,220.16,403.2,199.37,309.8,258.63,319.73,179.31,520.15,212.14,533.9
241.94,76.728,231.78,142.43,223.35,206.33,193.97,138.63,172.22,227.37,269.59,146.24,277.64,234.35,189.65,267.69,190.74,404.5,240.1,272.76,220.64,401.26,199.56,310.29,257.8,320.14,180.11,520.14,210.52,531.61
241.78,77.1,231.8,142.73,223.4,206.62,193.99,139,172.15,226.27,269.61,146.5,277.51,233.59,189.77,268.02,190.62,404.89,240.21,273.02,220.9,401.55,198.95,309.33,257.29,319.23,180.61,522.01,210.97,531.99
241.45,77.037,231.33,142.77,222.98,206.74,193.57,139.12,172.49,227.37,269.11,146.43,277.27,234.57,189.43,268.29,188.49,405.09,239.82,273.14,221.63,402.31,199.91,310.23,256.37,319.96,180.6,524.31,210.58,532.29
241.1,76.649,231.12,142.39,222.92,206.43,193.39,138.95,172.65,228.46,268.84,145.79,277.08,234.3,189.56,268.23,187.48,404.88,239.9,272.79,221.69,401.69,200.28,311.42,255.41,319.38,180.32,525.66,211.26,531.71
240.83,76.188,231.17,142.25,223.08,206.45,193.64,139.22,172.96,228.2,268.7,145.28,277.06,233.71,189.99,268.62,186.17,405.07,240.07,272.66,222.57,402.42,199.88,311.63,255.15,318.63,181.4,526.85,211.6,531.21
240.65,74.909,230.98,141.16,222.89,205.43,193.45,138.06,173.12,229.15,268.54,144.26,277.15,234.19,189.73,267.6,184.43,403.79,239.82,271.75,221.89,401.14,200.03,312.65,255.28,319.08,181.3,525.68,211.35,530.31
240.21,74.753,230.8,141.16,222.68,205.62,193.27,137.95,173.31,227.49,268.34,144.37,276.85,233.61,189.54,267.95,184.27,403.95,239.59,272.24,221.08,400.88,199.46,311.38,255.74,318.63,180.17,526.62,212.1,530.75
240.15,74.547,230.74,141.17,222.7,205.66,193.29,138.11,173.15,227.51,268.22,144.23,276.46,232.91,189.68,268.11,184.17,403.85,239.65,272.21,222.73,401.59,199.36,311.4,256.11,318.25,180.66,526.82,212.15,530.88
240.26,74.373,230.82,140.93,222.78,205.46,193.46,138.02,173.16,227.6,268.19,143.87,275.97,233.11,189.79,268.01,183.69,403.54,239.65,271.89,223.5,401.87,200.08,311.14,256.57,318.55,181.13,526.74,211.47,530.3
240.35,73.983,230.88,140.79,223.04,205.39,193.6,138.14,173.61,227.2,268.16,143.41,275.65,232.75,190.3,268.21,183.9,403.53,240.05,271.72,224.47,402.3,200.53,310.77,256.79,318.25,181.6,526.99,211.8,530.19
240.54,74.716,231.05,141.58,223.13,206.08,193.85,139.05,174.06,227.26,268.25,144.09,275.57,232.6,190.39,268.89,182.89,403.94,240,272.25,225.3,403.01,200.55,311.03,256.97,318.17,182.18,527.14,210.86,530.69
240.75,73.921,231.28,141.09,223.44,205.77,194.25,138.78,174.57,228.23,268.31,143.4,275.49,233.23,190.9,268.89,183.04,403.86,240.31,271.98,226.93,403,201.97,311.62,257.24,318.88,183.9,526.76,211.35,530.41
241.06,74.408,231.24,141.36,223.31,205.89,194.32,139.16,174.94,227.78,268.15,143.56,276.02,232.22,190.74,269,182,403.62,239.98,271.91,228.09,403.25,202.57,311.05,258.83,318.29,183.53,526.6,209.18,529.68
241.75,73.067,231.75,139.98,223.59,204.48,195.2,138.06,175.5,227.07,268.3,141.87,276.52,230.65,191.04,267.72,184.5,402.52,239.83,270.27,229.17,401.95,203.77,310.01,261.14,317.34,182.63,525.53,209.68,528.08
242.28,74.249,232.15,140.99,223.73,205.49,195.77,139.11,176.26,225.4,268.51,142.91,276.9,228.32,191.11,268.7,186.21,403.69,239.59,271.24,230.29,403.99,204.85,308.24,263.36,315.41,181.4,526.66,209.52,528.42
243.1,74.674,233.09,141.43,224.52,205.89,197.02,139.71,176.84,225.87,269.13,143.11,276.92,228.04,191.92,269.26,189.22,404.32,240.01,271.52,232.14,404.49,206.14,308.33,265.31,315.47,181.41,527.27,207.65,527.65
244.1,75.072,234.02,141.69,225.25,206.15,198.29,140.13,177.57,225.24,269.75,143.21,276.94,227.8,192.64,269.6,190.57,404.86,240.3,271.67,231.52,404.68,207.14,307.5,266.83,315.48,181.2,526.73,210.09,528.43
245.08,75.843,234.54,142.06,225.56,206.41,198.98,140.61,178.56,224.11,270.1,143.5,277.11,226.73,192.9,269.83,192.24,405.67,240.33,271.74,230.13,404.22,207.6,306.53,268.63,314.64,181.56,524.73,210.81,529.31
246.33,77.804,235.12,143.57,225.57,207.55,199.56,141.88,179.44,224.3,270.66,145.26,277.37,225.52,192.32,270.39,195.38,406.68,239.73,272.65,230.15,405.01,208.29,305.39,270.89,313.45,181.26,523.09,209.2,530.71
247.81,78.473,236.29,143.87,226.33,207.56,200.78,142.04,180.17,223.01,271.8,145.66,277.71,224.16,192.7,270.06,199.14,406.45,240.08,272.47,230.83,404.82,209.42,300.85,274.11,312.35,184.86,522.4,208.88,530.93
249.33,79.413,237.22,144.56,226.82,208.1,202.06,142.85,181.25,220.78,272.36,146.26,278.28,223.79,192.99,270.46,203.04,406.57,239.89,272.74,229.38,405.37,210.99,297.19,277.39,312.25,185.65,521.44,207.63,531.05
250.8,79.804,238.66,145.13,228.12,208.63,204.07,143.87,181.32,219.73,273.26,146.38,279.11,223.99,194.48,271.3,207.55,407.1,240.66,272.97,231.19,405.75,212.59,294.76,279.52,312.23,190.82,524.26,207.1,531.02
252.06,80.409,239.72,145.56,229.14,209.1,205.61,144.75,183.39,218.14,273.86,146.4,279.59,224.83,195.79,272.04,212.6,407.18,241.34,273.15,230.83,405.9,213.96,292.17,281.94,312.79,193.47,525.81,208.57,532.17
253.59,80.981,240.76,145.87,229.81,209.04,206.82,145.21,185,217.72,274.7,146.52,280.12,223.97,196.22,271.79,215.91,406.34,241.46,272.68,229.54,405.4,216.92,290.36,288.65,310.56,195.47,526.35,207.93,532.46
254.67,81.25,241.51,146.1,230.53,209.24,207.94,145.78,186.52,217.71,275.11,146.39,279.29,217.68,197.15,272.17,220.5,405.58,241.93,272.58,230.58,404.91,219.2,289.12,292.53,301.6,200.76,528.41,208.4,532.06
255.53,82.344,242.2,147.01,231.17,210.07,209.1,147.2,187.68,217.95,275.34,146.82,279.15,212.94,198.01,273.23,223.95,405.76,242.28,273,235.82,406.7,221.17,288.42,295.89,294.12,206.54,530.45,216.59,534.51
256.53,81.24,243.04,145.81,231.8,208.99,210.57,146.24,188.54,219.51,275.52,145.38,278.94,209.88,199.04,272.45,228.24,403.94,242.09,271.88,238.8,406.58,224.34,288.04,297.85,289.39,211.32,530.55,222.3,534.96
257.44,81.844,243.92,146.5,232.7,209.82,212.1,147.34,189.84,219.62,275.73,145.65,278.84,207.96,200.22,273.7,233.12,404.1,242.76,272.56,241.48,407.98,227.1,287.41,299.53,286.6,215.71,532.06,227.44,536.83
258.5,83.353,244.51,147.39,233.03,210.45,213.1,148.67,191.03,220.4,275.93,146.1,278.78,209.36,200.73,274.33,235.6,403.71,242.41,272.64,242.34,408.51,229.43,287.01,301.43,286.72,222.53,532.63,230.47,537.8
259.58,84.221,245.11,147.85,233.28,210.66,214.07,149.4,193.09,220.7,276.14,146.34,278.74,209.86,201.01,274.46,239.23,402.05,241.87,272.44,242.47,408.65,233.22,286.4,303.25,286.12,227.54,531.58,232.49,538.28
260.42,85.103,245.73,148.67,233.64,211.48,215.39,150.52,195.54,222.08,276.05,146.85,279.72,209.78,201.74,275.51,242.13,401.99,241.35,273.11,242.3,409.54,236.9,286.08,306.15,284.63,233.23,532.4,233.96,539.48
261.33,86.425,246.33,149.99,234.11,212.77,216.99,152.43,198.07,223.92,275.69,147.54,280.24,211.37,202.64,277.17,245.28,402.46,241.1,273.99,242.24,410.56,240.45,285.92,308.79,284.78,239.12,533.28,235.29,540.76
262.42,88.248,247.42,151.53,235.09,214.34,218.6,154.27,200.04,226.14,276.23,148.78,280.01,212.52,203.78,278.94,249.2,402.84,241.67,275.31,242.84,411.98,244.53,286.07,312.63,283.32,241.19,533.67,237.08,542.45
263.56,90.232,248.27,153.65,235.79,216.35,220.12,156.87,201.75,227.6,276.44,150.42,280.19,213.85,204.93,281.13,250.59,405.12,241.65,276.92,242.83,413.65,247.93,285.66,315.31,281.93,246.95,536.36,238.08,544.32
264.21,91.997,249.23,155.6,236.86,218.42,221.54,159.09,204.17,230.36,276.91,152.12,281.29,213.66,206.52,283.52,253.36,407.01,242.43,278.98,243.57,415.76,252.13,287.07,319.6,279.54,249.99,538.42,239.66,546.56
264.52,93.515,251.26,157.24,240.14,220.3,224.77,162.38,207.4,233.42,277.72,152.06,282.54,213.57,211.61,286.78,258.64,410.31,246.44,279.99,237.85,411.5,257.35,287.62,322.81,277.43,255.41,541.59,215.75,532.05
266.36,94.183,253.08,157.43,242.2,220.19,227.21,163.69,210.44,235.52,278.96,151.21,285.01,215.37,214.45,287,256.95,413.02,248.14,278.89,244.98,411.95,261.21,288.65,327.09,275.66,257.5,544.14,227.18,535.42
269.13,94.107,255.54,157.09,244.56,219.51,230.37,164.18,213.55,236.43,280.75,150.04,288.13,215.12,216.92,286.61,250.3,416.45,250.24,277.3,240.15,409.4,264.99,289.17,329.77,276.48,250.63,548.1,215.47,522.63
271.26,95.424,257.59,158.08,246.43,220.24,233.32,165.93,216.97,238,281.86,150.19,291.27,216.11,219.13,287.63,262.38,413.09,251.37,277.19,241.49,409.7,269.89,290.01,333.93,276.44,264.08,544.73,215.68,521.28
273.97,95.112,260.01,157.44,248.47,219.35,236.72,165.94,220.57,240.1,283.26,148.93,296.88,216.15,221.45,286.95,266.69,411.03,252.45,275.63,242.76,407.92,273.89,292.31,339.42,276.38,267.87,542.71,216.5,518.38
276.95,95.038,262.92,157.76,251.48,219.67,239.96,166.52,223.67,241.38,285.92,149,301.69,216.39,224.75,287.45,269.67,412.06,255.34,275.77,246.6,407.17,277.59,293.6,344.91,277.13,270.64,543.74,218.04,518.05
279.79,96.601,265.65,158.92,253.86,220.54,242.69,167.82,227.06,243.34,288.62,150.02,306.24,215.73,226.76,288.13,270.09,413.75,257.41,276.24,246.61,407.42,280.98,296.38,349.77,275.19,270.94,545.39,218.06,514.31
282.6,98.497,268.32,160.45,256.1,221.62,245.39,169.63,231.12,246.28,291.22,151.22,312.29,215.68,228.98,288.8,271.58,415.29,258.79,276.82,255.96,409.11,285.23,300.66,355.79,275.46,272.35,546.96,234.95,519.07
285.72,100.58,271.46,161.79,259.14,222.18,248.42,171.82,234.13,248.71,294.5,151.72,318.73,216.8,231.66,289.19,273.55,416.37,261.99,275.97,250.17,405.92,288.85,303.76,362.57,276.67,274.29,548.03,219.45,507.63
288.74,102.68,274.46,163.44,261.68,223.18,251.05,173.68,236.68,251.72,297.88,153.2,326.9,217.46,233.75,289.55,272.73,418.13,264.01,276.31,261.17,407.42,291.72,307.35,369.61,279.66,273.44,549.75,238.79,512.64
291.43,105.57,277.26,165.52,264.43,224.59,253.24,176.14,239.71,252.87,301.28,154.94,333.25,217.18,235.79,290.62,273.39,419.9,267.42,276.67,271.33,409.09,294.08,310.34,375.85,280.35,274.13,551.56,256.17,517.7
294.58,107.15,280.38,166.56,267.24,225.05,255.61,176.95,242.38,254.91,305.16,156.14,339.89,217.31,237.71,290.48,273.03,420.7,270.53,276.69,254.98,403.51,296.52,313.05,382.88,280.93,273.74,552.37,219.51,505.21
297.47,109.26,283.08,168.4,269.48,226.41,257.55,178.32,244.89,256.84,308.64,158.53,345.93,220.32,238.86,291.01,271.95,422.2,272.85,277.88,260.03,400.75,298.82,315.41,390.36,283.89,272.69,553.87,216.81,504.8
300.13,111.65,285.66,170.07,271.83,227.27,259.21,179.85,247.74,259.23,312.14,160.32,352.3,222.99,240.39,290.97,272.75,422.47,275.65,277.98,260.21,399.09,301.61,318.73,396.92,287.04,273.47,554.13,218.17,503.36
302.68,113.64,288.34,171.47,274.2,227.83,261.07,180.99,250.18,260.67,315.63,161.95,357.77,224.93,241.84,290.5,272.26,422.68,278.23,277.81,259.9,395.35,303.98,320.11,402.49,289.37,272.97,554.31,219.11,503.33
305.44,115.76,290.84,172.72,276.54,228.39,262.97,182.19,252.11,261.04,318.68,163.22,362.96,227.93,243.69,290.35,272.45,423.06,280.84,277.72,260.63,393.57,305.9,320.68,408.02,292.41,273.16,554.73,220.56,503.46
308.15,117.2,293.35,173.54,278.73,228.51,264.96,182.78,254.37,261.95,321.74,164.29,366.55,230.36,245.2,289.6,271.67,422.97,283.06,277.26,260.49,391.48,308.37,321.27,412.32,294.92,272.38,554.64,222.55,504.7
310.44,119.13,295.73,175.19,281,229.8,266.75,183.99,256.67,262.94,324.7,166.39,369.47,232.86,246.97,290.3,271.66,424.13,285.62,278.55,261.44,393.78,310.65,322.37,415.82,299,272.37,555.8,225.92,506.8
312.56,120.6,297.87,176.77,283.03,231.16,268.44,185.09,258.71,264.54,327.31,168.44,372.96,234.7,248.54,291.15,271.18,425.5,287.86,280.02,275.17,401.68,313.07,323.46,418.31,302.45,271.9,557.17,245.98,517.11
314.7,122.14,299.57,178.1,284.26,232.27,269.64,185.56,259.4,264.59,329.5,170.6,375,235.82,249.37,291.36,270.19,426.11,288.58,281.54,283.37,407.96,313.55,323.56,419.52,304.95,270.9,557.77,259.96,525.62
316.27,124.11,301.11,179.85,285.47,233.66,270.68,186.63,264.28,266.45,331.56,173.07,376.13,236.76,249.68,291.99,270.27,426.72,290,283.03,289.27,412.86,318.15,326.83,420.3,306.36,270.99,558.35,270.85,532.51
317.35,126.94,302.16,182.51,286.35,236.18,271.27,188.56,268.03,268.5,333.07,176.42,376.94,238.79,250.08,293.9,270.43,428.6,290.99,285.84,292.74,418.02,321.32,330.16,421.3,308.4,271.14,560.27,278.56,539.5
319.24,128.32,303.43,184,287.01,237.38,272.08,189.01,268.32,268.75,334.79,178.95,378.45,241.21,250.01,294.09,270.08,428.81,291.18,287.48,294.14,421.24,320.82,330.49,422.6,311.25,270.79,560.44,283.5,544.3
320.69,129.82,304.1,185.52,287.17,238.73,272.47,189.78,271.34,270.12,335.72,181.26,380.26,243.37,249.65,294.72,269.54,429.29,290.87,289.19,294.29,423.97,323.67,332.77,423.7,314.31,270.26,560.95,286.58,548.45
321.88,130.63,304.81,186.01,287.41,238.97,273.01,189.66,273.31,271.41,336.58,182.33,381.61,245.31,249.16,294.32,269.08,428.71,290.88,289.53,294.34,425,325.51,334.68,424.77,316.66,269.79,560.37,288.94,550.65
322.69,131.46,305.24,186.89,287.49,239.96,273.29,189.82,274.33,271.85,337.16,183.92,382.41,246.45,248.93,294.99,268.92,429.25,290.54,291.14,293.83,427.1,326.88,334.94,425.69,317.8,269.64,560.92,290.31,553.73
323.74,132.04,305.61,187.54,287.51,240.69,273.69,190.05,276.32,272.68,337.53,185.03,383.29,247.59,248.5,295.45,269.08,429.39,290.32,292.16,293.32,428.42,327.91,337.07,426.58,319.07,269.79,561.02,291.25,555.88
323.92,133.08,305.88,188.51,287.5,241.59,273.95,190.74,277.34,272.9,337.83,186.25,383.65,248.55,248.11,296.14,268.62,429.83,290.17,293.2,292.87,429.65,328.15,338.17,427.06,320.05,269.34,561.5,291.98,557.84
324.74,133.37,306.43,188.77,287.79,241.85,274.59,190.86,277.99,273.36,338.27,186.72,384.04,249.79,248.04,296.33,268.95,429.79,290.25,293.56,292.64,430.15,328.45,339.03,427.67,321.21,269.66,561.46,292.59,558.96
325.41,133.56,306.87,188.92,288.05,241.89,275.09,191.01,278.37,272.79,338.62,186.86,384.05,250.6,248.06,296.24,268.74,429.68,290.4,293.46,292.53,430.14,327.59,339.7,427.72,322.08,269.46,561.31,293.16,559.43
325.88,133.41,307.34,188.92,288.55,242,275.7,191.12,278.99,272.58,339,186.72,383.69,251.22,248.53,296.53,268.68,430.04,290.99,293.6,292.87,430.34,327.13,340.41,428.14,321.92,269.4,561.71,293.94,560.02
326.07,133.39,307.84,189.13,289.23,242.46,276.29,191.54,279.28,272.36,339.36,186.74,383.52,251.57,249.29,297.43,268.72,431.04,291.9,294.21,293.57,430.99,327.72,339.9,428.53,321.9,269.43,562.7,294.99,561
326.63,133.35,308.41,189.29,289.85,242.7,277.03,191.93,280.49,273,339.78,186.66,383.56,251.66,250.03,297.89,268.03,431.7,292.49,294.3,294.01,431.14,328.59,340.77,428.52,322.13,268.74,563.36,295.67,561.43
326.85,133.73,308.7,189.86,290.18,243.3,277.5,192.75,281.67,273.71,339.91,186.97,383.71,252,250.71,298.74,267.42,432.8,292.62,294.83,294.01,431.68,329.43,341.71,428.81,322.49,268.13,564.47,295.82,562.21
326.95,133.75,308.95,190.14,290.53,243.76,277.86,193.21,282.85,274.77,340.06,187.07,383.9,252.2,251.21,299.45,266.98,433.73,293,295.33,294.24,432.22,330.56,342.76,428.93,322.73,267.69,565.4,296.16,562.92
327.25,133.64,309.51,190.1,291.09,243.83,278.62,193.39,283.74,274.79,340.39,186.77,384.06,252.34,251.94,299.78,266.8,434.2,293.47,295.36,294.62,432.22,330.29,343.91,428.92,323.07,267.52,565.86,296.58,563.09
327.45,133.53,309.8,190.13,291.45,243.97,279.09,193.68,284.16,274.82,340.51,186.62,384.16,252.39,252.47,300.14,266.28,434.65,293.65,295.4,294.73,432.3,330.21,344.48,428.29,323.82,266.99,566.28,296.71,563.3
327.47,134.05,309.81,190.66,291.45,244.5,279.33,194.46,284.58,275.35,340.29,186.82,384.17,252.3,252.71,300.92,265.35,435.61,293.48,295.81,294.51,432.72,330.22,345.4,427.96,324.06,266.06,567.27,296.46,563.81
326.82,135.19,309.98,192.06,291.86,246.19,279.73,196.25,284.97,276.34,340.19,187.86,384.21,252.25,253.28,303.15,265.78,437.81,294.15,297.5,295.11,434.38,330.32,346.67,427.85,324.15,266.49,569.43,297,565.56
327.4,134.62,310.48,191.59,292.3,245.62,280.52,196.15,285.63,277.89,340.46,187,384.64,252.66,253.9,302.72,265.84,437.37,294.33,296.53,295.26,433.44,330.77,348.48,427.92,324.84,266.56,569.03,297.13,564.68
327.95,134.71,310.56,191.31,292.15,245.12,280.72,195.95,285.84,277.92,340.4,186.64,384.44,252.82,253.9,302.01,264.84,436.79,293.5,295.82,294.4,432.74,330.39,349.16,427.88,324.83,265.56,568.46,296.21,564.06
327.66,135.31,310.48,191.95,292.09,245.72,280.73,196.73,286.16,277.95,340.26,187.13,383.73,253.33,253.76,302.72,265.2,437.47,293.57,296.31,294.41,433.22,329.64,350.03,428.42,324.24,265.91,569.13,296.18,564.59
327.88,135.87,310.58,192.76,292.08,246.42,281,197.82,286.55,278.8,340.13,187.69,383.07,254.45,253.77,303.45,265.14,438.33,293.41,296.65,294.25,433.56,329.94,350.95,428.72,324.34,265.86,569.99,295.92,564.98
328.13,136.56,310.8,193.38,292.36,247.08,281.54,198.81,287,280.04,340.09,187.95,382.59,255,254.13,304.48,265.29,439.43,293.67,297.12,294.47,434.04,331.18,351.51,428,325.1,266.01,571.09,296.08,565.5
328.7,135.97,311.17,192.64,292.56,246.23,282.03,198.18,287.61,281.13,340.32,187.06,382.1,255.37,254.48,303.55,264.99,438.62,293.45,296.13,294.23,433.01,332.45,352.04,427.54,325.48,265.71,570.28,295.8,564.52
329.08,136.55,311.32,192.64,292.68,246.01,282.33,198.46,287.52,280.7,340.35,186.81,381.3,254.96,254.48,303.33,264.68,438.43,293.49,295.51,294.29,432.43,332.58,351.35,426.28,325.33,265.39,570.06,295.77,563.91
329.32,136.94,311.41,192.99,292.62,246.22,282.59,199.1,287.82,280.47,340.23,186.91,381.02,254.93,254.55,303.5,264.11,438.83,293.12,295.32,293.89,432.24,332.62,351.3,425.55,325.5,264.83,570.46,295.33,563.76
328.75,137.63,311.43,193.76,292.78,247.1,282.84,200.2,288.12,280.68,340.01,187.32,380.68,254.77,254.94,304.78,264.23,440.19,293.33,296.12,294.11,433.01,332.83,351.61,424.94,325.39,264.95,571.85,295.48,564.58
329.45,137.63,311.76,193.71,292.97,246.83,283.46,200.52,288.95,281.45,340.05,186.91,380.6,255.19,255.09,304.55,263.57,439.99,293.29,295.35,294.03,432.28,333.4,352.67,424.61,325.83,264.29,571.62,295.35,563.85
329.56,138.25,312.06,194.2,293.16,247.17,283.91,201.18,288.43,281.83,340.21,187.18,380.44,255.49,255.25,304.86,263.03,440.37,293.21,295.4,293.99,432.33,333.66,352.39,424.32,326.08,263.74,572.03,295.24,563.91
329.63,138.88,312.19,194.58,293.22,247.45,284.21,201.81,288.41,282.58,340.16,187.34,380.16,256.87,255.44,305.2,262.89,440.79,293.05,295.5,293.79,432.38,334.21,352.72,424.89,326.17,263.6,572.42,295.01,563.97
329.67,139.48,312.14,195,293.06,247.72,284.25,202.34,288.5,283.29,340.03,187.65,379.62,257.78,255.33,305.4,262.51,441.07,292.65,295.56,293.39,432.48,334.76,353.05,425.08,325.9,263.22,572.7,294.55,564.07
329.41,140.29,312,195.84,292.83,248.49,284.26,203.4,288.65,283.82,339.74,188.32,379.13,258.16,255.17,306.17,262.34,441.88,292.22,296.11,292.96,433,335.17,353.38,425.44,324.86,263.05,573.55,294.09,564.63
329.36,141.31,312.01,196.62,292.81,249.2,284.29,204.25,289.25,284.77,339.69,188.99,379.04,258.51,255.12,306.87,262.55,442.63,292.17,296.63,292.95,433.56,335.95,354.25,425.38,324.3,263.26,574.26,294.04,565.15
329.13,142.27,311.69,197.29,292.26,249.65,284.04,204.93,289.43,285.19,339.35,189.69,379.05,258.97,254.54,307.04,262.03,442.76,291.18,296.95,291.92,433.84,336.49,354.42,424.97,323.66,262.75,574.42,292.98,565.47
328.43,143.15,311.57,198.69,292.37,251.41,284.03,206.4,289.58,285.69,339.08,190.98,379.37,259.26,254.73,309.31,262.74,445.07,291.7,298.96,292.45,435.88,337.03,354.62,424.05,323.85,263.46,576.7,293.48,567.48
328.61,142.58,311.49,198.72,292.29,251.44,284.04,206.46,290.3,287.25,338.97,190.97,380.31,260.66,254.71,309.34,262.04,445.22,291.41,298.95,292.19,435.87,338.18,355.81,416.41,325.54,262.75,576.89,293.16,567.48
328.32,143.32,311.5,199.35,292.38,252.11,284.1,207.24,291.41,288.61,338.89,191.46,380.58,260.83,254.92,310.15,262.54,446,291.6,299.58,292.34,436.51,344.83,350.06,410.58,324.36,263.26,577.63,293.31,568.11
328.45,143.78,311.44,199.63,292.24,252.32,284.16,207.66,293.15,290.65,338.72,191.64,380.73,261.04,254.84,310.32,262.23,446.17,291.22,299.61,291.96,436.54,352.6,342.36,410.32,322.26,262.94,577.83,292.9,568.18
327.9,143.65,311.21,199.8,292.36,252.89,284.14,208.05,294.35,292.51,338.31,191.55,380.82,261.25,255.43,311.47,263.14,447.31,291.63,300.47,292.38,437.39,357.42,337.39,411.95,319.92,263.85,578.94,293.28,569
328.35,142.72,311.23,198.82,292.26,251.72,284.24,207.25,295.81,293.71,338.18,190.39,380.56,260.74,255.36,310.27,262.5,445.94,291.27,299.05,292.02,435.94,360.41,335.55,411.02,318.94,263.22,577.6,292.92,567.59
328.24,142.89,310.9,198.79,291.99,251.66,283.91,207.26,296.15,293.51,337.88,190.3,380.01,260.34,255.24,310.13,262.82,445.76,290.97,298.88,291.71,435.81,360.71,335.47,410.22,317.81,263.54,577.39,292.59,567.46
328.39,142.46,310.86,198.3,292.05,251.12,284,207.08,296.45,293.25,337.73,189.55,380.44,259.74,255.2,309.85,263.35,445.37,291.3,298.09,292.04,435.01,360.67,335.81,409.44,316.98,264.07,577.03,292.88,566.63
328.2,142.19,310.62,197.8,291.93,250.56,283.81,206.77,296.85,293.31,337.46,188.81,380.68,259.17,255.29,309.31,262.99,444.95,291.11,297.31,291.86,434.23,361.42,334.66,408.36,316,263.71,576.61,292.73,565.89
326.99,142.34,310.14,198.15,291.85,251.26,283.5,207.43,297.23,293.06,336.77,188.82,380.51,258.37,255.71,310.59,263.12,446.3,291.45,298.12,292.19,435.04,362.38,333.03,408.29,314.41,263.83,577.93,293.03,566.7
326.26,142.22,309.62,198.38,291.56,251.68,283.1,207.89,298.09,293.49,336.16,188.92,380.3,257.62,255.81,311.29,263.21,447.01,291.19,298.65,291.93,435.57,364.01,331.33,408.39,312.04,263.93,578.64,292.74,567.19
325.92,141.74,309.36,198.37,291.4,251.77,283.05,208.05,299.41,293.75,335.67,188.65,380.33,257.11,255.81,311.68,263.48,447.35,291.08,298.67,291.83,435.56,366.34,328.85,409.16,309.99,264.2,578.98,292.64,567.21
326.2,139.69,309.47,196.45,291.53,250,283.39,206.32,300.49,293.86,335.55,186.59,380.54,256.14,256.15,310.12,264.08,445.77,291.04,296.93,291.78,433.86,368.51,326.18,410.08,307.08,264.8,577.43,292.59,565.48
325.75,139.01,308.79,195.74,290.85,249.29,282.91,205.75,300.66,292.84,334.66,185.69,379.84,254.78,255.82,309.52,263.33,445.11,290.07,296.22,290.81,433.15,369.45,322.32,410.36,304.2,264.04,576.77,291.59,564.81
325.16,137.73,308.2,194.49,290.29,248.12,282.44,204.61,300.92,292.06,333.96,184.34,379.49,253.38,255.29,308.49,263.82,443.98,289.47,295.05,290.22,431.94,370.55,318.8,410.83,300.79,264.53,575.64,291.03,563.6
324.17,137.15,307.58,193.92,290.14,248.01,282,204.22,300.94,290.55,333.17,183.58,378.96,251.45,255.66,308.97,264.98,444.42,289.73,295.2,290.48,432.12,371,315.68,410.97,297.98,265.69,576.09,291.26,563.78
322.31,136.51,306.79,194.13,289.92,249.06,281.55,204.55,301.83,289.43,332.02,183.72,378.63,250.38,256.28,310.93,265.32,446.34,289.89,297.04,290.64,433.97,372.45,312.63,410.65,295.26,266.03,578,291.42,565.59
321.14,134.85,306,193.27,289.63,248.85,281.05,203.83,303.53,288.26,330.92,182.74,378.68,248.96,256.75,311.37,265.58,446.77,289.8,297.41,290.54,434.33,374.75,309.36,411.33,292.7,266.29,578.44,291.32,565.96
319.43,134.36,304.86,193.11,288.87,249.05,280.24,203.82,304.19,286.64,329.52,182.37,377.77,247.53,256.6,312.08,265.27,447.36,289.19,297.91,289.93,434.83,375.99,305.79,411.93,289.36,265.98,579.02,290.68,566.49
318.93,132.52,304.4,191.78,288.52,248.09,280.18,202.57,305.29,284.34,328.59,180.96,377.53,245.57,256.59,311.6,266.25,446.81,288.68,297.27,289.43,434.19,377.54,301.53,412.48,286.51,266.96,578.48,290.18,565.82
317.81,131,303.67,190.91,288.28,247.83,279.86,201.81,306.09,282.01,327.52,179.97,376.55,243.5,257.05,312.04,267.24,447.14,288.77,297.52,289.52,434.41,378.71,297.42,412.76,283.06,267.96,578.81,290.26,566.07
317.17,127.87,303.09,188.62,287.87,246.09,279.82,199.56,307.54,279.32,326.35,177.7,376.13,241.69,257.24,310.78,267.66,445.84,288.03,296.28,298.48,431.38,380.42,293.52,412.85,279.62,268.38,577.51,299.2,563.01
315.69,125.41,302.18,186.96,287.62,245.31,279.32,197.81,307.68,276.72,325.04,176.15,374.61,239.74,258.01,310.77,269.3,445.53,288.16,296.48,299.45,431.23,380.83,289.05,412.46,275.48,270.02,577.19,300.17,562.9
313.68,124.17,300.87,185.98,286.98,244.95,278.38,196.95,307.91,273.94,323.32,175.05,373.87,237.14,258.26,311.15,269.94,445.43,287.95,296.63,299.66,430.94,381.18,285.22,412.56,271.31,270.66,577.05,300.37,562.57
312.77,121.48,299.86,183.73,286.32,243.18,278.02,194.75,308.35,271.01,321.71,172.69,373.28,234.64,258.41,309.89,271.01,443.94,287.17,295.36,299.77,429.38,381.74,280.89,413.31,266.92,271.72,575.57,300.48,561.04
310.51,119.9,298.67,182.36,285.94,242.54,277.35,193.45,308.49,267.76,319.96,171.27,371.96,231.06,259.1,310.1,272.42,443.77,287.34,295.37,300.65,429.05,381.99,276.18,412.75,261.92,273.13,575.43,301.37,560.71
308.22,117.85,297.54,181.37,285.7,242.43,276.74,192.33,308.15,265.21,318.31,170.41,370.82,228.29,260.14,310.69,272.89,444.12,287.56,296.24,261.13,409.18,381.73,271.56,412.69,257.69,273.61,575.75,234.37,519.67
306.9,115.99,296.58,180.32,285.29,242,276.48,191.18,314.01,262.22,316.69,169.49,369.66,224.98,260.77,310.83,272.88,443.74,287.2,296.54,299.32,429.45,386.83,266.79,417.35,247.67,273.59,575.36,300.03,561.12
305.73,113.66,295.79,178.49,284.96,240.58,276.3,189.33,327.48,258.09,315.32,167.62,367.95,228.11,261.15,309.89,273.09,442.22,287.05,295.48,298.99,427.81,399.23,260.54,416.03,233.29,273.81,573.88,299.7,559.44
303.37,112.62,294.77,177.62,284.84,240.26,275.83,188.64,341.98,254.08,313.71,166.63,360.82,222.84,262.26,310.2,274.36,442.1,287.48,295.56,299.59,427.47,413.45,252.95,416.62,226.57,275.08,573.77,300.3,559.1
300.84,111.44,293.49,176.92,284.49,240.07,275.34,188.1,349.96,249.39,311.62,165.71,363.34,222.69,263.42,310.64,274.81,442.16,287.54,295.78,298.93,427.29,422.81,246.92,414.19,218.93,275.53,573.82,299.65,558.92
298.79,109.5,292.54,175.33,284.76,239.14,275.31,186.52,353.65,246.36,309.79,164.14,357.76,216.31,265.42,310.46,275.96,441.51,288.47,295.5,299.01,426.55,428.14,241.21,414.99,215.05,276.68,573.17,299.73,558.18
297.11,109.22,291.24,175.16,283.78,239.08,274.36,186.53,356.09,242.82,308.09,163.79,357.81,219.09,265.09,310.65,272.88,441.12,287.58,295.48,258.19,404.74,430.75,236.25,409.3,206.05,273.59,572.78,236.18,517.56
295.59,107.82,290.33,173.9,283.69,238.04,274.42,185.71,357.76,239.27,306.24,162.06,352.01,209.13,266.4,310.08,276.02,439.88,287.67,294.29,257.14,406.65,432.28,230.44,411.13,204.75,276.74,571.54,234.8,521.03
293.31,107.04,289.1,173.28,283.51,237.79,273.88,185.27,360.2,235.18,304.34,161.29,355.22,209.09,267.77,310.28,276.75,440.86,288.1,294.27,256.65,408.89,433.99,225.09,396.34,192.27,277.46,572.53,231.89,523.85
291.46,105.71,288.21,172.1,283.47,236.87,273.85,184.28,362.19,232.04,302.58,159.96,349.37,200.41,269.15,309.76,276.96,440.64,288.32,293.53,255.59,408.63,435.29,220.56,404.36,193.6,277.67,572.27,228.65,524.83
289.8,103.72,287.01,170.27,282.64,235.3,273.34,182.35,363.32,228.83,300.65,158.23,350.45,205.16,269.19,308.35,275.35,439.34,287.43,292.25,251.89,404.57,435.56,216.53,393.84,178.47,276.07,571,226.18,524.47
288.06,102.68,286.08,169.43,282.46,234.73,273.05,181.31,363.75,226.15,299.1,157.56,354.46,207.83,270.15,307.98,276.31,439,287.54,292.15,251.75,404.27,435.28,212.57,393.88,170.19,277.02,570.62,225.23,525.6
285.77,102.17,284.97,168.87,282.19,234.62,272.43,180.29,364.57,222.96,297.51,157.49,344.18,195.37,271.06,307.93,275.35,438.87,287.76,292.73,251.06,404.61,434.92,209.02,397.72,175.14,276.07,570.53,224.15,526.34
283.7,101.71,283.85,168.54,281.59,234.48,271.61,179.72,365.45,219.59,296.13,157.37,355.42,187.79,271.16,307.88,273.67,438.62,287.51,292.96,249.26,403.6,435.06,205.15,417.67,172.9,274.39,570.24,223.23,525.99
281.86,101.94,282.86,168.88,281.3,234.97,270.88,180.03,366.05,216.6,294.82,157.74,360.76,188.99,271.77,308.49,274.44,439.61,287.74,293.64,248.9,404.48,435.06,200.7,426.12,174.54,275.16,571.24,222.75,527.47
279.86,100.57,281.62,167.71,280.92,234.07,269.83,178.46,365.79,214.35,293.4,156.95,358.54,186.48,272.4,307.61,273.56,438.45,288.12,293.28,248.48,403.95,434.06,197.43,422.94,174.4,274.28,570.12,222.62,527.32
278.87,98.156,280.6,165.58,280.31,232.05,269.16,176.19,366.26,211.59,292.04,155,355.79,185.81,272.37,305.64,271.83,436.33,287.62,291.48,246.03,401.52,433.77,193.62,419,174.46,272.55,568,222.88,526.06
277.35,97.179,278.69,164.03,278.48,230.01,268.16,176,365.77,208.56,289.21,152.06,352.53,183.91,271.24,303.95,269.51,435.06,285.28,287.98,244.67,399.59,432.71,191.06,414.81,174.2,270.23,566.73,220.51,524.03
275.2,97.064,276.59,163.75,275.81,229.35,266.6,176.5,365.85,205.38,286.58,151,351.56,178.27,268.38,303.44,267.03,436.77,281.71,286.44,242.37,401.28,431.95,186.22,413.3,174.71,267.74,568.44,219.9,526.93
273.37,96.821,275.06,163.46,274.26,228.79,265.45,176.92,365.2,202.5,284.66,150,349.88,175.16,267.08,303.04,268.69,437.94,279.88,285.08,243.68,403.83,431.18,182.24,410.55,174.76,269.4,569.57,220.73,529.57
271.47,95.796,273.47,162.48,273.03,227.85,263.81,175.87,363.72,199.43,283.14,149.05,348.56,172.17,266.11,302.14,268.09,437.85,279.03,284.29,244.72,405.57,429,178.09,407.84,174.8,268.8,569.51,220.81,531.45
269.84,93.73,271.76,160.48,271.29,225.8,261.78,173.97,363.6,195.88,281.74,146.98,348.14,164.94,264.14,300.13,265.61,436.25,277.46,282.13,242.39,403.5,428.13,171.76,405.55,174.51,266.32,567.92,220.97,530.71
267.71,93.095,269.76,159.72,269.23,224.9,259.93,173.53,362.98,192.65,279.56,145.91,346.22,160.61,262.15,299.28,264.96,435.68,275.27,280.86,241.16,403.56,427.47,169.5,401.92,173.67,265.67,567.34,220.68,531.42
266.42,92.223,268.01,158.66,266.69,223.8,258.47,172.44,361.37,188.12,277.58,144.92,343.81,158.35,259,298.08,263.36,434.69,271.76,279.73,239.41,404.08,425.09,162.77,398.42,172.74,264.08,566.35,218.86,532.33
264.39,91.539,266.76,158.14,266.02,223.5,256.83,171.38,359.84,184.93,276.72,144.85,342.82,152.56,258.66,297.76,266.68,434.22,271.93,280.05,242.9,406.37,423.78,158.13,396.04,171.65,267.4,565.88,222.78,534.89
262.99,89.591,265.3,155.97,264.39,221.34,255.43,169.25,359.7,180.65,275.14,142.69,341.41,146.52,256.91,295.59,264.65,431.99,270.06,277.85,240.28,404.37,422.72,153.29,392.79,170.31,265.37,563.65,220.74,532.82
261.35,89.107,263.73,155.16,262.7,220.45,254.42,168.66,358.32,178.06,273.01,141.62,339.61,144.08,255.47,294.74,266.7,430.93,267.88,276.7,238.87,404.74,420.98,148.45,390.09,169.3,267.41,562.59,221.27,533.2
259.76,88.508,262.2,154.62,261.06,219.79,254.06,168.41,358.38,173.39,270.34,140.79,336.48,140.63,254.5,294.22,268.41,430.12,265.36,275.79,237.92,405.1,420.13,144.11,386.19,167.6,269.13,561.79,221.55,533.98
258.51,88.097,260.96,153.98,259.62,219.04,254.08,168.13,358.72,169.75,267.81,139.79,327.33,140.76,253.74,293.58,269.51,429.13,262.9,274.64,238.36,405.39,419.48,138.8,383.98,137.52,270.23,560.79,221.21,534.29
257.39,87.672,260.43,153.55,259.35,218.57,254.02,167.91,359.66,166.31,266.81,139.14,325.08,135.21,254.03,293.17,271.71,428.26,262.55,273.98,240.46,405.77,418.51,134.78,386.43,121.17,272.43,559.92,222.2,534.59
256.12,87.132,259.99,152.9,259.79,218,253.55,167.3,358.97,163.27,266.4,138.5,323.71,130.93,255.31,292.68,272.7,427.61,263.86,273.45,241.67,405.8,416.84,129.61,386.93,106.37,273.42,559.28,223.88,534.43
255.57,86.081,259.03,151.84,258.69,216.86,253.47,166.46,359.5,159.25,264.59,137.26,322.51,126.2,254.63,291.61,269.52,426.65,262.06,272.1,238.51,404.24,416.11,122.08,387.58,100.07,270.23,558.28,222.07,533.6
254.99,85.288,258.57,151.18,258.2,216.13,254.45,166.06,359.81,155.07,262.7,136.35,321.59,122.96,255.05,290.95,269.19,425.72,260.58,271.11,238.1,403.74,414.47,116.63,388.37,93.436,269.9,557.35,222.97,533.48
254.38,85.136,258.08,150.49,257.86,215.29,255.22,165.76,361.86,152.24,260.97,135.26,318.65,120.02,255.71,290.21,267.36,424.57,259.57,269.9,237.96,402.79,413.61,111.56,385.19,89.811,268.08,556.19,223.99,532.95
253.62,85.023,257.73,150.27,257.78,214.99,256.16,165.68,361.46,148.46,259.28,134.86,318.5,116.65,256.84,289.98,264.96,424.05,258.91,269.46,237.62,402.5,412.32,105.62,384.9,88.523,265.67,555.68,225.09,532.98
253.5,83.923,257.52,149.09,257.55,213.74,257.01,164.65,362.86,144.95,258.04,133.54,315.87,113.55,257.25,288.76,262.04,422.81,257.91,268.02,237.21,401.5,409.81,99.753,383.09,83.846,262.76,554.44,223.75,531.63
253.41,83.639,257.17,148.8,257.05,213.42,258.12,164.47,363.45,141.55,256.22,133.1,314,110.43,257.61,288.47,260.82,422.35,256.3,267.55,236.62,401.5,406.79,95.122,382.25,82.28,261.54,554.02,222.4,531.17
253.35,83.675,257.17,148.84,257.26,213.45,259.06,164.5,364.48,135.95,255.29,133.17,311.92,106.7,258.58,288.51,260.9,422.23,256.07,267.62,237.71,401.64,405.23,86.739,380.78,78.301,261.61,553.86,224.01,531.75
253.47,83.565,257.12,148.73,257.02,213.23,260.12,164.54,365.46,133.6,254.08,132.92,310.47,102.81,258.94,288.32,258.76,422.11,254.9,267.22,236.92,401.39,404.12,82.391,379.39,73.471,259.48,553.74,222.79,531.44
253.5,83.851,256.29,149.38,256.06,213.8,262.82,165.22,363.27,128.89,249.73,133.58,308.64,99.496,260.2,288.81,259.18,422.96,251.47,267.65,234.64,401.98,396.16,75.598,377.33,69.504,259.9,554.62,220.93,532.21
253.37,84.782,255.46,150.54,255.3,215.15,263.99,165.87,362.9,129.29,246.93,135.2,303.58,97.934,260.86,289.99,258.47,424.37,249.5,269.54,236.5,404.37,390.64,72.796,371.97,65.945,259.19,555.99,222.91,534.71
253.95,85.367,255.31,151.08,254.63,215.58,265.1,166.59,361.65,129.32,245.54,135.54,299.6,94.838,260.45,290.45,258.05,425.06,247.42,269.76,237.13,404.77,380.78,73.018,368.18,62.826,258.76,556.73,222.57,535.02
255.01,85.587,255.65,151.3,254.71,215.84,265.83,166.88,362.11,124.22,245.48,135.76,295.45,92.354,260.56,290.7,259.15,425.48,247,269.98,239.8,405.24,376.63,67.874,364.09,61.378,259.87,557.1,223.71,535.24
255.52,86.743,254.38,153.25,253.1,218.21,268.85,167.46,361.75,115.48,239.91,139.05,293.49,89.049,261.52,292.73,261.37,427.46,242.08,273.62,235.94,408.59,374.08,58.028,361.28,56.387,262.09,559.13,219.59,538.46
256.21,87.366,253.75,154.35,251.99,219.71,271.64,167.49,363.01,109.49,235.86,141.23,288.34,88.534,262.17,293.81,260.83,427.33,238.27,276.28,237.54,410.11,373.61,47.91,354.4,52.036,261.54,558.99,220.15,539.81
257.13,88.031,253.47,155.01,251.2,220.61,273.78,167.46,363.94,104.69,233.16,142.56,285.16,88.22,262.46,294.49,260.15,426.89,235.41,277.91,238.58,409.08,370.47,40.373,349.19,47.957,260.87,558.52,221.22,538.54
258.19,88.457,253.5,155.48,250.52,221.12,275.14,167.95,363.39,99.234,231.83,143.01,282.67,88.218,261.96,294.99,259.61,426.41,233.14,278.44,239.56,408.02,363.15,35.068,344.32,44.366,260.33,558.03,222.41,537.48
258.69,88.783,253.58,155.52,250.07,221.08,276.26,168.12,361.64,95.915,230.9,142.92,281.17,87.967,261.68,295.05,260.36,426.17,231.49,278.27,240.08,407.02,357.78,30.763,340.59,40.041,261.08,557.83,224.43,536.84
259.95,88.575,254.43,155.28,250.31,220.77,278.06,168,360.67,90.826,230.77,142.51,279.72,86.616,261.97,294.76,261.82,426.1,230.45,277.82,240.87,406.35,354.69,24.932,337.71,35.716,262.54,557.76,226.4,536.5
261.85,87.44,255.57,154.21,250.85,219.71,280.15,166.96,362.23,85.268,230.99,141.43,283.24,80.316,262.52,293.73,262.64,425.18,229.75,276.74,241.74,405.43,352.83,19.214,338.67,25.77,263.35,556.81,227.31,535.56
262.93,87.224,256.3,153.89,251.14,219.42,282.04,166.62,362.42,81.374,230.56,141.21,284.55,75.966,263.15,293.4,263.47,424.78,228.8,276.47,241.25,404.31,351.58,14.104,339.7,19.545,264.18,556.41,229.1,534.88
263.7,87.54,257.01,154.35,251.38,219.92,283.7,167.02,359.92,74.032,230.32,141.71,273.97,82.565,263.54,293.89,263.24,425.15,227.94,276.98,241.28,403.55,351.1,5.0576,328.38,24.404,263.96,556.82,230.05,534.32
264.4,86.732,257.65,153.39,251.73,218.85,285.27,166.11,356.12,93.878,230.06,140.67,268.02,86.879,264.22,292.81,264.48,424.07,227.4,275.82,239.66,402.56,353.58,24.573,321.57,27.116,265.2,555.73,229.55,532.94
265.13,86.265,258.5,153.18,252.34,218.72,287.43,165.55,354.14,106.48,229.54,140.77,251.82,92.499,265.48,292.52,265.87,424.24,226.85,275.96,237.8,402.17,357.78,36.817,308.21,36.316,266.59,555.9,229.18,532.57
265.62,86.809,259.06,153.25,252.81,218.67,289.15,165.55,355.86,110.63,228.96,140.98,274.08,122.72,266.65,292.3,265.09,423.79,226.49,275.9,236.2,397.78,358.88,38.25,339.82,83.041,265.81,555.46,228.68,528.59
266.46,85.106,259.78,151.97,253.4,217.32,290.86,164.14,357.21,108.41,228.7,139.8,283.05,150.95,267.75,290.79,267.68,395.33,226.32,274.56,234.33,395.61,356.92,34.412,354.01,128.24,255.52,524.28,226.78,526.53
267.23,84.388,260.22,151.19,253.6,216.54,292.17,163.15,357.12,106.18,228.27,139.19,282.84,174.35,268.28,289.92,262.73,408.47,225.66,273.94,233,394.8,354.33,34.162,356.04,167.74,246.38,536.53,224.42,525.17
267.72,84.178,260.55,150.86,253.63,216.07,293.43,162.79,360.09,99.827,227.63,138.93,277.77,191.76,268.69,289.27,260.91,414.94,224.77,273.3,232.03,392.32,349.4,28.239,350.9,199.86,240.55,541.62,223.04,522.59
268.43,83.609,261.39,150.73,254.3,215.97,295.72,162.03,359.49,97.333,227.06,139.39,270.88,204.63,270.17,288.79,261.46,418.42,224.27,273.64,232.54,391.82,346.95,27.35,342.27,225.76,238.19,544.2,222.33,521.59
268.77,83.65,262.15,150.73,255.09,215.97,297.61,161.37,358.56,96.495,226.67,140.04,263.85,213.68,271.72,288.32,261.37,419.78,224.36,274.1,233.25,388.54,345.56,26.248,332.34,246.15,236.63,545.42,223.26,518.52
268.77,83.546,262.57,150.68,255.65,215.97,299.03,160.5,357.24,96.379,226.11,140.84,257.07,220,273.07,287.82,260.87,420.14,224.4,274.7,233.55,389,343.9,25.723,321.91,262.24,235.66,545.95,225.28,517.72
269.81,81.168,264.93,148.7,258.51,214.13,302.47,156.86,357.01,94.679,227.39,140.51,252.86,223.33,277.19,285.04,263.6,418.16,226.93,274.07,236.77,387.19,342.66,23.298,313.64,273.78,237.93,543.55,229.04,515.35
270.07,80.174,265.82,147.51,259.72,212.97,303.88,154.85,359.12,87.644,227.76,140.14,248.59,225.32,278.95,283.33,261.24,416.43,228.33,273.55,235.43,383.34,338.95,16.747,305.09,282.71,236.11,541.6,231.32,512.1
270.87,79.083,267.01,146.27,261.03,211.62,305.42,152.85,359.17,82.781,228.59,139.7,245.54,226.4,280.67,281.4,261.04,414.67,229.48,272.61,236.77,381.89,334.95,14.812,297.75,289.55,236.19,539.83,231.82,509.87
270.65,78.237,267.51,145.72,261.97,211.33,306.11,151.68,359.66,73.396,228.88,139.77,242.67,227.46,281.81,280.86,260.56,414.18,231.07,273.02,209.83,406.51,329.34,9.8847,290.65,295.41,235.33,539.67,184.54,532.04
270.37,78.108,267.7,145.62,262.45,211.31,306.42,151.18,358.51,59.849,228.98,140.03,240.17,228.36,282.84,280.74,259.73,413.8,231.52,273.33,210.43,407.51,320.42,3.122,284.13,300.29,235.35,539.53,183.84,533.48
270.09,77.509,267.8,144.75,262.99,210.32,306.61,149.72,355.68,68.889,228.98,139.78,238.08,228.55,283.81,279.19,261.14,413.02,232.5,272.66,214.37,407.62,324.98,5.9087,278.2,303.69,234.57,539.15,187.66,534.22
269.84,77.708,267.87,144.05,263.37,209.28,306.72,148.65,355.78,67.607,228.98,139.41,236.37,228.44,284.67,277.62,259.81,410.64,233.01,271.49,218.58,407.13,324.39,3.6893,272.93,306.24,233.5,536.52,192.61,534.37
269.59,77.647,267.71,143.83,263.46,208.98,306.63,148.18,354.26,66.125,228.8,139.51,234.83,228.7,285.12,277.02,259.2,409.88,233.25,271.22,207.33,404.22,325.05,1.6605,268.05,308.67,234.25,536.4,182.37,530.78
269.27,77.161,267.66,143.39,263.69,208.61,306.61,147.15,355.44,58.081,228.73,139.66,233.64,228.96,285.54,276.29,259.27,409.11,233.94,271.33,211.38,405.16,322,-3.4111,263.82,310.72,233.49,535.49,185.84,532.16
269.03,76.739,267.56,142.56,263.84,207.66,306.52,146,355.33,43.586,228.58,139.16,232.63,228.53,286.04,275.01,263.63,408.42,234.27,270.45,216.62,405.22,313.94,-9.9041,259.97,311.75,238.58,535.83,191.46,532.72
268.53,75.688,267.83,141.51,264.75,206.73,306.79,144.19,352.43,29.056,228.84,138.83,232.16,228.28,286.95,273.68,259.05,405.8,236.37,270.21,222.95,405.78,304.33,-15.805,256.94,312.67,234.78,533.03,198.95,533.82
268.29,75.361,267.54,140.92,264.55,205.95,306.53,143.42,351.22,47.441,228.54,138.43,231.33,227.88,287.67,272.68,258.77,404.34,235.45,269.35,206.51,401.08,315.28,-9.9003,253.74,313.27,234.35,531.75,182.1,528.53
268.05,75.58,267.18,140.13,264.27,204.48,306.02,141.69,353.12,50.554,228.34,138.57,230.65,228.06,287.47,269.9,258.58,401.36,235.26,267.81,212.57,400.68,319.33,-11.871,250.95,314.2,235.14,529.31,188.31,528.53
267.8,74.079,267.91,138.61,265.74,202.85,306.43,138.41,355.17,43.776,229.42,138.85,231.38,228.35,287.99,266.95,267.93,399.11,239.13,267.24,222.99,401.32,316.73,-17.191,249.72,315.13,246.43,527.86,199.67,529.6
267.82,73.148,268.27,137.6,266.43,201.69,306.57,136.45,352.44,52.438,229.93,138.75,231.6,228.29,289.34,265.01,260.58,394.67,239.87,266.51,228.45,401.66,320.31,-13.145,248.17,315.57,237.35,522.92,206.62,530.43
268.31,72.262,268.47,136.38,266.31,200.17,306.55,134.8,350.31,56.312,230.38,137.95,231.78,227.45,289.39,262.88,261.16,391.94,238.93,264.99,210.67,394.19,321.36,-11.857,246.8,315.16,236.64,519.88,186.12,522.2
268.2,72.275,268.14,135.66,266.05,199.18,306.17,133.72,351.2,50.88,230.14,137.6,231.36,227.13,289,261.42,261.96,389.78,238.9,263.97,220.31,395.03,319.41,-17.015,244.94,315.16,238.81,518.05,197.45,523.49
268.35,71.406,268.04,134.41,265.85,197.56,305.93,132.17,350.37,50.633,230.12,136.68,231.2,226.18,288.63,259.24,273.33,388.74,238.68,262.19,227.8,395.08,317.94,-17.777,243.46,314.53,254.11,517.85,207.01,523.95
268.74,69.46,268.31,131.7,266.03,194.75,305.92,128.91,349.97,48.959,230.7,134.49,231.66,224,288.39,255.98,262.6,383.44,239.15,259.64,232.45,394,316.62,-19.681,242.78,312.56,242.77,511.66,213.9,523.3
268.99,69.18,268.88,130.53,266.74,192.95,305.78,126.28,349.54,46.386,231.98,134.79,232.85,224.29,288.21,252.63,261.46,381.75,241.03,258.08,214.22,387.49,314.99,-21.716,242.91,313.04,246.02,494.57,196.99,513.56
269.11,69.316,269.07,130.29,267.22,192.48,305.8,125.35,349.2,42.598,232.34,135.2,233.13,224.71,289.03,251.55,255.78,384.93,241.78,257.87,224.51,389.18,313.12,-24.96,242.22,313.6,250.76,480.61,211.47,515.94
269.08,67.454,269.15,128.91,267.35,191.39,305.73,123.88,348.07,45.184,232.53,133.97,233.28,223.47,289.54,250.57,246.37,409.76,241.61,257.15,231.73,390.25,314.01,-23.654,241.52,312.47,268.73,467.78,222.42,517.68
269.51,66.059,269.12,127.54,267.29,190.17,305.71,122.62,348.01,44.247,232.55,132.5,233.22,222,289.62,249.53,255.32,391.65,241.27,256.09,236.34,365.47,313.24,-24.408,240.69,311.11,252.61,480.05,234.31,485.36
269.58,65.577,269.12,127.24,267.15,190.02,305.52,122.23,348.21,42.408,232.73,132.24,233.37,221.78,289.3,249.48,263.91,381.4,241,256.12,240.49,377.29,312.15,-25.741,240.14,310.96,254.02,477.94,239.46,502.92
269.61,64.669,269.07,126.48,267.17,189.37,305.32,121.29,347.86,41.116,232.81,131.67,233.45,221.17,289.42,248.83,269.04,375.56,241.17,255.74,243.02,383.03,311.46,-27.237,239.57,310.42,256.01,474.9,242.54,511.57
269.78,64.632,269.66,126.29,267.79,189.11,305.79,120.88,346.88,40.259,233.49,131.7,234.09,221.2,290.01,248.31,271.88,371.89,241.88,255.51,245.17,386.14,311.58,-28.076,239.66,310.49,257.91,472.76,243.7,515.96
270.11,63.729,269.88,124.76,267.96,187.25,305.61,118.7,345.86,40.569,234.14,130.8,234.72,220.3,289.88,245.71,271.75,366.54,242.23,253.79,244.66,386.3,312.24,-28.484,239.78,309.66,258,469.54,244.69,517.03
270.03,64.041,269.7,124.27,267.62,186.12,304.71,117.14,344.87,39.506,234.68,131.39,235.22,220.9,288.91,243.19,272.27,361.55,242.18,252.69,245.07,386.52,311.4,-29.585,239.85,310.26,257.6,468.91,244.3,517.62
269.74,62.237,269.7,123.65,267.9,186.36,304.66,116.87,344.29,38.177,234.73,130.46,235.28,219.97,289.38,244.49,274.37,359.96,242.75,253.54,245.41,388.4,312.69,-30.485,239.47,309.36,259.13,473.01,245.27,519.59
269.34,62.611,269.52,124.54,267.94,187.73,304.69,118.12,343.92,38.474,234.35,130.96,234.87,220.5,289.82,246.64,273.5,362.27,242.91,255.18,244.67,390.02,313.9,-31.216,238.7,309.89,258.96,474.03,245.4,521.37
269.48,62.298,269.83,124.44,268.48,187.86,304.74,117.77,344.01,39.294,234.95,131.08,235.47,220.62,290.41,246.87,273.34,362.51,243.87,255.75,245.46,390.7,315.04,-31.104,238.95,310.05,258.94,471.86,246.14,522.03
269.48,62.077,270.05,124.28,269.05,187.66,304.53,116.92,343.96,38.532,235.54,131.65,236.06,221.15,291.08,246.13,273.51,360.69,245.06,255.95,245.65,390.93,316.41,-31.603,239.25,310.62,258.88,471.26,246.4,522.26
269.42,61.965,270.1,124.61,269.19,188.17,304.61,117.38,344.65,39.187,235.59,131.83,236.11,221.34,291.27,246.97,273.52,360.15,245.25,256.58,242.84,391.57,317.4,-31.996,239.03,310.81,258.49,473.39,247.03,522.89
269.56,62.361,270.45,125.15,269.68,188.75,304.92,117.82,345.44,39.57,235.97,132.45,236.45,221.99,291.9,247.52,274.44,360.59,245.91,257.3,243.03,392.49,317.55,-31.572,239.14,311.46,258.73,473.41,247.82,523.67
270.1,62.603,271.01,125.42,270.63,188.95,305.69,117.89,345.69,38.835,236.37,132.92,236.85,222.43,293.38,247.47,275.15,360.09,247.14,257.49,243.37,392.67,317.25,-31.744,239.31,311.93,259.57,472.92,248.45,524.02
270.24,62.535,270.79,124.73,269.71,187.77,305.15,117.08,346.41,39.812,236.43,132.35,236.91,221.89,291.54,245.73,271.9,357.95,245.7,255.95,241.34,391.17,317.14,-30.723,239.19,311.39,256.58,470.59,245.32,522.67
270.95,63.138,271.18,124.86,269.69,187.76,305.77,117.57,347.04,39.831,236.58,132.15,237.07,221.7,291.32,245.78,273.89,356.47,245.16,255.52,241.72,391.43,317.02,-30.868,239.17,311.16,258.31,472.6,246.34,522.26
271.29,61.894,271.47,123.61,269.92,186.51,306.2,116.51,347,40.882,236.7,130.72,237.19,220.26,291.58,244.67,274.11,354.91,245.22,254.16,243.28,390.36,317.88,-30.558,239.11,309.77,258.76,471.37,243.76,521.32
271.77,62.709,271.77,124.31,270.26,187.06,306.31,116.88,347.3,40.651,237.24,131.75,237.72,221.29,291.81,244.82,273.99,355.44,245.73,254.75,243.57,390.97,317.16,-30.43,239.5,310.79,258.56,472.41,245.43,522.14
272.14,62.429,272.05,124.51,270.5,187.74,306.64,117.54,347.95,41.504,237.45,131.52,237.94,221.03,292.03,246.31,274.47,356.37,245.89,255.63,243.38,391.77,317.87,-29.648,239.6,310.53,258.58,473.81,245.11,522.96
272.5,62.094,272.4,124.47,271.11,187.96,307.23,117.72,348.16,42.068,237.58,131.26,238.07,220.8,293.07,246.86,275.05,357.31,246.62,255.93,244.25,391.97,317.58,-28.904,239.61,310.3,259.29,472.92,245.89,523.3
272.51,62.409,272.59,124.97,271.49,188.53,307.27,118,348.55,41.627,237.93,131.94,238.42,221.48,293.55,247.43,274.89,358.15,247.29,256.75,244.29,392.59,317.74,-29.064,239.85,310.98,258.69,472.93,246.01,524.06
272.81,62.54,272.89,125.28,271.94,188.99,307.48,118.27,348.77,41.431,238.26,132.28,238.75,221.79,294.1,248.04,274.53,358.44,247.94,257.4,244.31,393.32,317.63,-29.499,240.09,311.33,258.87,473.17,245.83,524.71
273.1,62.509,272.92,125.13,271.6,188.54,306.97,117.67,348.8,41.46,238.87,132.55,239.38,222.05,292.96,247.03,272.91,356.94,247.51,256.95,243.4,392.93,320.25,-30.16,240.64,311.59,257.23,471.8,244.73,524.04
273.13,62.119,272.89,124.52,271.39,187.83,306.77,116.95,349.04,40.848,239.01,132.1,239.49,221.6,292.47,246.1,274.18,355.11,247.3,256.2,242.73,392.1,318.7,-30.055,240.69,311.14,257.79,472.19,245.79,523.36
272.94,61.266,272.57,123.91,270.6,187.32,306.48,116.8,349.14,40.506,238.66,131.05,239.15,220.56,291.26,245.98,273.78,354.42,246.01,255.49,242.14,391.63,318.76,-30.85,240.25,310.06,256.85,473.02,244.19,522.4
273.17,60.883,272.58,123.86,270.31,187.54,306.55,117.25,349.01,40.345,238.6,130.44,239.09,219.98,290.7,246.85,273.87,355.88,245.38,255.65,242.95,391.87,319.68,-31.58,240.14,309.48,257.55,474.5,245,522.89
273.38,61.805,272.48,124.16,270.28,187.61,306.68,117.48,348.78,40.845,238.25,130.83,238.74,220.33,290.94,246.6,274.6,355.53,245.28,255.49,244.11,391.49,319.45,-31.046,239.73,309.88,258.5,473.27,245.19,522.73
273.37,62.283,272.58,124.79,270.6,188.58,306.95,118.41,348.63,42.209,238.23,131.18,238.72,220.72,291.51,248.09,274.85,356.91,245.68,256.61,245.52,392.78,319.5,-29.858,239.65,310.22,258.78,475,244.92,524.03
273.57,62.257,272.96,124.72,271.45,188.51,307.56,118.14,348.46,43.349,238.36,131.31,238.84,220.85,293.03,247.89,275.28,357.57,246.88,256.68,245.47,392.47,321.03,-29.327,239.74,310.36,259.84,473.27,246.32,523.86
273.6,61.1,273.64,124.14,272.56,188.3,307.87,117.29,348.38,43.725,239.44,130.95,239.93,220.46,294.28,247.93,275.36,357.33,248.65,257.03,246.13,393.04,321.6,-29.201,240.8,310,259.34,473.31,246.86,524.27
273.71,61.184,274,123.95,272.9,187.74,307.3,116.11,348.83,42.847,240.66,131.83,241.15,221.37,294.09,246.27,274.44,356.03,249.58,256.79,245.69,392.64,321.61,-30.005,241.96,310.87,257.92,471.53,245.72,523.65
273.65,60.831,273.82,123.67,272.61,187.34,307.33,115.9,349.12,42.32,240.34,131.39,240.83,220.94,293.71,245.87,274.48,353.42,249.06,256.17,244.12,392.2,323.22,-30.962,241.61,310.44,258.24,473.25,244.22,523.12
274.21,60.717,274.48,123.58,273.24,187.11,307.38,115.26,349.04,42.339,241.57,131.9,242.06,221.4,293.94,245.11,275.64,352.36,250.04,256.23,245.25,392.25,325.02,-31.343,242.81,310.94,258.74,473.36,245.89,523.26
274.76,60.44,274.89,123.11,273.75,186.53,307.93,114.73,349.28,41.652,241.87,131.49,242.36,221.04,294.59,244.35,276.61,350.39,250.52,255.53,244.4,391.53,326.65,-32.041,243.08,310.54,259.01,473.71,245.19,522.57
274.99,60.376,274.98,122.5,273.53,185.5,308.11,114.01,349.51,40.972,241.88,130.98,242.37,220.49,294.12,242.81,276.16,348.33,249.96,254.16,243.91,390.3,325.07,-32.011,243.06,310.03,257.77,472.79,244.06,521.3
275.02,59.557,274.89,121.54,273.31,184.62,307.96,113.16,349.69,40.654,241.78,129.92,242.27,219.46,293.81,242.15,276.31,347.11,249.69,253.32,243.98,389.5,324.37,-31.626,242.96,308.97,257.88,473.7,244.73,520.82
274.97,58.177,275.03,120.79,273.62,184.43,308.49,113.13,349.9,40.066,241.58,128.48,242.07,217.99,294.51,242.95,277.43,348.36,249.86,253.18,244.62,389.29,323.97,-32.173,242.73,307.53,259,475.27,245.34,520.77
275.37,59.048,275.31,121.63,274.16,185.42,308.96,114.05,349.91,40.124,241.66,129.21,242.15,218.71,295.43,244.16,277.5,351.14,250.52,254.25,244.52,389.9,326.21,-32.622,242.78,308.25,259.18,475.72,245.71,521.5
275.32,59.252,275.32,122.19,274.2,186.01,308.83,114.49,349.65,40.552,241.81,129.88,242.3,219.39,295.41,244.68,276.53,351.16,250.7,254.95,244.03,390.57,327.57,-32.277,242.93,308.93,258.16,474.67,245.17,522.19
275.55,58.931,275.5,121.97,274.37,185.76,308.72,114.02,349.48,41.614,242.31,129.92,242.79,219.43,295.36,244.21,276.31,350.76,251.08,254.81,244.66,390.6,327.93,-31.602,243.4,308.93,258.13,473.68,245.39,522.2
276.26,58.706,276.15,121.6,275,185.39,309.26,113.57,349.63,41.856,243.02,129.59,243.5,219.13,295.95,243.8,277.33,349.94,251.76,254.51,245.29,390.43,328.44,-31.293,244.11,308.64,258.74,473.39,245.42,521.69
276.58,58.784,276.15,121.42,274.65,184.95,309.17,113.35,350.06,41.303,243.16,129.49,243.65,218.99,295.15,243.1,276.22,348.4,251.13,253.85,244.04,389.81,328.65,-31.705,244.25,308.53,257.49,473.1,244.26,521.21
276.69,59.624,276.08,122.26,273.99,185.72,308.96,114.44,350.76,41.165,243.23,130.09,243.71,219.63,293.79,243.96,275.67,348.75,249.94,254.41,243.51,390.46,330.14,-31.154,244.29,309.13,256.88,474.66,243.97,522.01
276.59,59.774,276.06,122.93,273.73,186.65,308.94,115.53,350.78,41.813,243.17,130.33,243.66,219.88,293.34,245.44,276.37,349.5,249.49,255.32,244.2,391.48,331.91,-30.272,244.23,309.38,257.59,475.84,244.81,523.09
275.38,61.749,275.28,125.1,273.01,188.92,308.62,118.11,350.75,42.433,241.9,132.05,242.39,221.6,293.02,248.09,276.04,352.92,248.5,257.41,243.62,393.4,333,-29.31,242.94,311.1,257.81,477.25,244.11,524.98
275.64,61.354,275.61,125.12,273.47,189.4,309.16,118.63,350.15,43.919,242.09,131.58,242.58,221.08,293.68,249.37,276.72,354.2,248.93,257.98,245.4,394.21,334.28,-27.869,243.12,310.62,258.79,475.77,245.19,525.42
276.47,60.694,276.07,124.63,273.78,188.91,310.1,118.66,350.18,42.848,242,130.64,242.49,220.15,294.25,249.18,276.8,355.32,248.81,257.19,245.33,393.29,334.12,-28.347,243.04,309.69,258.59,474.51,244.12,524.49
277.32,60.205,276.47,124.29,274.33,188.75,311.14,118.91,350.29,42.422,241.81,129.67,242.29,219.21,295.27,249.61,277.77,356.07,249.03,256.81,246.98,393.03,334.12,-28.39,242.84,308.71,258.85,475.17,243.08,524.11
277.38,60.635,276.92,124.64,274.95,189.07,311.12,118.71,349.62,42.629,242.74,130.54,243.22,220.08,295.75,249.56,277.21,357.75,250.14,257.46,247.26,393.51,334.54,-28.222,243.77,309.58,258.18,474.61,244.9,524.87
277.1,60.035,276.91,124.01,275.35,188.51,311.17,117.87,349.32,42.167,242.67,130.15,243.16,219.65,296.62,248.94,277.71,356.39,250.96,257.11,246.72,392.96,334.72,-28.267,243.68,309.16,258.49,474.1,244.89,524.31
277.23,60.068,277.19,123.45,275.85,187.46,310.79,116.18,349.08,41.75,243.6,130.71,244.08,220.22,296.94,246.64,277.1,354.33,252.12,256.34,247.86,392.31,334.21,-28.685,244.63,309.76,258.09,472.14,244.35,523.31
276.86,60.051,277.3,123.31,276.35,187.17,310.84,115.58,349.38,41.019,243.74,131.04,244.23,220.58,297.8,245.92,278.44,351.67,253.06,256.22,247.33,392.13,333.87,-29.064,244.77,310.08,258.85,473.69,244.12,523.35
276.85,58.884,277.41,122.11,276.92,186.13,311,114.21,349.62,40.79,243.81,130.02,244.3,219.52,298.83,244.88,278.84,349.93,254.01,255.39,246.96,391.19,333.86,-29.048,244.82,309.06,258.94,473.62,244.61,522.62
277.07,59.523,277.3,121.64,276.54,184.76,310.54,112.92,349.65,40.688,244.03,130.41,244.51,219.91,297.97,242.01,277.01,347.54,253.59,253.71,244.92,389.19,334.48,-28.733,245.03,309.45,257.2,471.72,243.63,520.5
277.05,60.308,277.28,121.88,276.56,184.74,310.49,112.79,349.79,40.337,244.1,130.93,244.59,220.43,298,241.55,278.44,345.7,253.71,253.64,245.49,389.51,335.78,-28.565,245.1,309.97,258,474.23,244.72,520.91
276.57,60.891,277.13,122.46,276.61,185.43,310.19,113.27,349.87,40.465,244.06,131.65,244.55,221.2,298.14,242.24,278.16,346.35,254.02,254.52,246.19,390.64,335.8,-28.018,245.07,310.7,258.08,475.5,244.87,521.8
275.63,62.854,276.73,125.3,276.18,188.68,309.98,116.61,349.84,40.819,243.49,133.96,243.98,223.5,297.78,246.26,277.49,350.75,253.46,257.86,244.77,393.73,335.79,-27,244.5,313.01,257.56,479.17,244.22,525.06
275.67,62.277,276.42,124.58,275.58,187.73,309.58,115.81,349.03,42.498,243.24,133.31,243.73,222.85,296.9,245.05,276.15,350.16,252.63,256.72,245.3,392.44,336.16,-25.15,244.21,312.35,257,473.76,243.59,523.63
275.33,61.363,276.2,123.88,275.56,187.22,309.56,115.3,349.33,42.422,242.84,132.47,243.33,222.01,297.19,244.84,277.81,350.73,252.69,256.29,247.76,392.23,336.32,-24.528,243.85,311.51,258.19,475.04,244.16,523.45
274.95,62.256,275.55,125.04,274.32,188.42,309.28,117.21,349.94,42.217,241.81,132.83,242.3,222.33,295.56,246.61,275.56,353.54,250.58,257.05,245.83,392.91,336.58,-23.508,242.82,311.87,256.15,477.19,241.12,523.61
274.87,61.687,275.2,124.39,273.65,187.69,309.22,116.97,351.34,45.173,241.15,131.81,241.64,221.36,294.81,246.04,275.63,354.46,249.41,255.96,248.02,391.84,336.6,-19.813,242.15,310.86,256.91,475.06,240.76,522.65
274.14,60.785,274.66,123.94,273.08,187.4,309.43,117.33,352.6,47.937,239.89,130.55,240.38,220.06,294.72,246.4,276.25,356.49,248.32,255.25,248.17,391.05,337.84,-17.119,240.9,309.6,257.4,475.6,240.24,521.86
273.68,61.341,274.17,124.4,272.52,188.08,309.57,118.68,353.27,49.783,238.74,130.17,239.23,219.67,294.53,247.94,275.63,359.68,247.27,255.61,248.03,391.12,338.83,-14.75,239.72,309.18,257.1,476.68,240.92,522.19
273.55,61.356,274.15,124.36,272.55,188.26,309.84,119,354.17,50.727,238.44,129.72,238.92,219.22,294.78,248.6,275.39,362.27,247.18,255.72,247.07,390.78,340.02,-13.142,239.44,308.73,256.97,475.98,244.32,522.1
273.24,61.82,273.69,124.75,272.12,188.65,309.86,119.91,355.07,50.855,237.52,129.55,238,219.09,294.66,249.32,274.51,364.27,246.41,255.78,246.48,390.63,340.67,-12.104,238.49,308.6,256.05,476.35,242.57,522
273.12,60.454,273.87,124.28,272.46,188.7,310.36,120.06,355.55,52.353,237.39,128.53,237.88,218.03,295.4,250.3,274.62,367.04,246.71,255.95,248.95,390.85,340.81,-9.9395,238.36,307.57,256.19,477.19,241.25,521.9
272.67,62.007,273.39,125.95,272.14,190.75,310.52,122.66,357.29,53.715,236.25,129.23,236.74,218.78,295.66,253.36,272.93,371.89,246.07,257.74,249.04,392.25,341.4,-8.2579,237.23,308.28,255.38,479.79,239.02,523.03
271.82,63.018,272.7,127.33,271.5,192.32,310.3,124.76,358.19,57.101,235.06,129.87,235.54,219.38,295.41,255.64,271.24,376.25,245.2,259.05,248.63,392.79,343.3,-4.7701,236.06,308.92,254.14,479.26,238.08,523.62
271.37,63.487,272.3,128.25,270.95,193.5,310.27,126.45,359.02,59.856,234.29,130.01,234.78,219.55,294.95,257.53,270.43,379.74,244.3,259.91,249.11,393.57,349.73,-2.3733,235.27,309.06,253.12,478.99,238,524.13
271.2,63.632,271.43,129.03,269.65,194.55,309.84,128.6,359.51,62.695,233.01,129.46,233.5,219,293.51,259.77,268.07,383.12,242.22,260.37,246.76,393.03,347.68,0.67781,234.01,308.51,251.41,479.54,237.84,523.93
270.2,63.7,270.44,129.63,268.57,195.34,309.12,129.99,360.29,63.933,231.79,129.27,232.27,218.78,292.49,261.27,267.07,386.55,240.92,260.78,248.42,393.69,346.22,2.0619,232.76,308.32,250.92,479.48,236.88,524.04
269.71,64.196,269.98,130.62,268.01,196.64,308.82,131.62,360.29,67.772,231.14,129.63,231.63,219.17,292.11,263.29,265.54,389.42,239.97,261.98,243.64,396.14,346.82,6.0364,232.11,308.68,250.33,480,232.6,526.8
269.3,63.731,269.53,129.93,267.39,195.72,308.44,131.49,360.24,70.206,230.59,128.38,231.07,217.92,291.49,262.59,276.71,391.02,239.02,260.49,242.33,395.59,347.21,8.6445,231.56,307.42,257.87,500.23,231.98,526.42
268.53,64.864,268.82,130.59,266.78,196.18,307.79,132.6,356.27,90.077,229.87,128.53,230.36,218.04,290.9,263.13,263.47,390.66,238.55,260.38,238.43,395.88,353.85,25.876,230.85,307.58,239.2,508.54,228.86,526.88
267.77,65.358,267.86,131.26,265.85,196.82,306.71,134.12,352.78,105.81,229,128.45,229.49,217.99,290.15,264.27,261.67,391.64,237.53,260.45,209.05,387.86,355.88,40.62,230.01,307.49,235.64,514.06,182.01,514.97
266.89,65.973,265.49,131.93,262.57,197.49,303.53,136.94,350.59,117.06,227.46,126.89,227.94,216.39,287,266.72,256.98,394.23,232.35,259.49,215.76,388.28,357.06,51.446,228.43,305.93,229.95,518.85,190.6,515.66
265.66,66.366,263.57,132.64,260.61,198.42,300.61,138.83,348.98,124.55,226.5,126.44,226.98,215.94,283.03,268.47,250.56,398.3,232.32,259.99,225.65,390.86,356.06,58.487,227.5,305.49,221.88,523.67,203.14,518.63
265.08,66.865,262.22,133.25,259.05,199.04,298.28,140.54,345.86,133.85,226.16,125.96,226.64,215.46,280.36,269.76,252.93,400.05,231.38,259.85,229.18,392.91,353.76,67.255,227.13,304.97,221.33,525,209.63,521.16
265.04,67.272,260.95,133.44,257.15,198.96,295.45,142.4,341.54,143.31,226.49,124.47,226.98,213.98,277.24,270.72,249.91,401.8,229.49,258.29,237.43,392.65,352.58,77.124,227.46,303.52,216.7,526.41,231,520.6
264.83,68.004,260.01,134.16,255.92,199.5,293.3,144.17,338.29,152.41,226.72,124.12,227.21,213.63,274.3,271.63,248.92,403.48,229.34,258.08,203.93,390.04,351.92,84.277,227.69,303.17,212.94,527.05,167.9,513.89
263.49,69.241,258.04,135.82,253.63,200.93,289,147.24,334.76,161.81,227.05,124.36,227.53,213.9,270.64,273.95,245.53,406.11,227.79,258.17,202.72,390.36,351.66,93.171,228.02,303.41,209.37,529.7,166.5,514.09
264.34,68.07,257.42,134.54,252.23,199.39,286.6,147.32,329.9,171.41,228.24,121.73,228.73,211.27,266.76,272.89,243.28,405.51,227.32,255.6,203.8,388.22,351.17,103.87,229.22,300.77,207.19,529.13,167.69,511.95
262.57,70.2,255.62,136.43,250.63,201.27,282.32,149.86,324.9,178.77,228.94,123.02,229.43,212.53,263.33,275.04,242.17,408.33,227.91,257.24,206.76,390.59,349.06,112.16,229.91,302.07,205.82,531.58,170.38,513.96
260.87,72.525,254.02,139.05,249.27,204.05,277.49,152.79,319.27,187.12,230.52,125.34,231.01,214.85,259.8,277.96,238.35,411.24,229.3,260.17,207.88,393.45,348.59,123.88,231.5,304.39,206.67,536.1,176.14,518.52
259.22,73.685,252.44,140.09,247.94,205.39,272.91,153.67,311.7,193.58,231.97,126.52,232.46,216.02,256.42,279.31,235.68,413,230.41,262.08,209.7,395.78,346.47,136.72,232.97,305.56,203.98,537.92,177.94,520.84
258.27,76.038,251.51,142.31,246.91,207.23,270.09,156.87,303.68,201.27,232.93,127.76,233.41,217.3,254.36,281.57,234.61,415.77,230.25,262.7,210.48,397.01,344.32,148,233.9,306.8,203.36,540.68,179.22,521.95
257.32,76.947,250.26,143.3,245.3,208.38,266.3,157.85,296.53,208.21,234.2,128.79,234.68,218.3,250.48,282.62,231.29,417.11,230.17,264.24,210.98,398.76,342.34,158.81,235.17,307.84,200.18,542.09,179.87,523.78
259.27,76.424,250.7,141.89,244.61,206.41,263.98,157.63,290.65,214.75,237.42,126.2,276.86,189.84,247.18,281.12,230.17,416.15,229.94,260.74,212.93,395.84,340.45,168.12,319.28,262.92,199.94,540.84,182.67,520.6
261.04,75.319,250.68,140.18,243.24,204.4,261.57,156.28,285.31,219.31,239.79,124.04,288.92,151.32,242.76,279,229.28,414.68,228.78,258.3,230.95,392.43,338.92,177.13,352.85,196.82,199.38,538.41,233.02,521.42
259.55,76.778,250.78,142.03,244.3,206.7,257.37,157.09,280.19,221.09,244.19,126.98,292.41,126.27,241.71,280.33,232.84,416.54,233.87,262.42,225,398.84,337.32,185.46,363.86,148.77,203.03,539.83,195.13,522.23
258.25,78.126,250.42,143.49,244.31,208.38,253.77,157.91,273.81,222.95,247.07,129.06,288.46,109.73,240.29,282.11,231.5,418.35,236.18,264.44,227.39,400.85,334.36,193.35,361.65,115.24,202.19,540.7,198.06,523.31
257.56,80.164,250.29,145.41,244.3,210.3,250.96,159.62,268.4,224.08,249.61,131.23,283.75,101.23,238.72,284.04,230.09,420.26,237.91,266.35,229.25,402.67,331.91,200.4,356.17,95.426,202.62,542.64,201.76,525.16
257,81.709,249.68,146.77,243.73,211.58,248.27,160.87,264.93,224.89,251.06,132.66,279.38,97.016,236.92,285.21,228.71,421.47,238.66,267.63,230.45,403.96,330.45,206.25,350.33,84.601,202.75,543.59,204.47,526.15
256.52,83.384,249.25,148.48,243.03,213.38,245.61,161.94,261.4,227.44,252.86,135.02,271.03,95.447,234.61,286.5,227.44,422.85,239.03,270.12,245.29,402.22,328.52,212.54,330.83,66.505,202.38,543.79,251.3,529.22
255.98,84.764,248.68,150.22,242.12,215.31,243.78,162.86,258.01,229.47,253.61,137.55,273.07,102.8,232.61,288.05,226.7,424.33,238.56,272.79,232.63,409.14,326.23,217.75,330.92,72.623,203.64,544.04,209.53,528.99
255.86,85.564,248.09,150.95,241.34,216,242.49,163.55,253.07,230.71,253.67,138.35,274.98,109.71,231.11,288.82,226.14,424.77,238.04,273.24,233.05,409.27,322.21,222.53,331.24,80.906,204.88,544.38,211.76,529.02
256.05,86.133,247.46,151.41,240.24,216.27,241.21,164.04,248.99,231.69,253.69,138.77,275.22,117.62,229.07,289.17,224.87,424.78,236.99,273.14,232.76,408.86,319.07,227.26,330.92,87.745,204.24,544.49,212.13,528.64
256.87,85.9,247.06,150.87,239.34,215.52,239.81,163.54,245.87,232.21,254.3,138.21,275.95,125.14,226.88,288.41,224.24,424.09,236.33,271.94,237.77,401.4,316.5,230.52,331.69,94.221,204.27,542.16,233.6,520.25
257.14,86.251,246.81,151.54,238.65,216.04,238.02,163.88,242.11,232.5,255.61,139.2,276.6,132.84,224.73,288.68,223.39,424.27,236.3,272.39,238.46,401.5,313.11,235.53,331.78,102.06,205.22,542.36,227.7,519.28
256.64,87.195,246.25,152.45,238.04,216.87,236.08,164.49,239.5,233.19,256.45,140.37,276.64,142.24,223.05,289.29,222.97,424.75,236.56,273.32,240.07,401.51,310.9,238.12,331.92,110.59,206.36,542.9,221.87,521.44
256.2,88.202,245.9,153.78,237.77,218.39,234.12,165.03,237.29,234.78,257.68,142.53,276.04,146.99,221.84,290.53,223.12,425.76,237.52,275.53,241.04,404.81,308.52,240.36,332.15,119.32,206.8,544.16,217.44,523.17
256.31,88.896,245.55,154.25,237.24,218.71,232.68,165.35,234.57,235.05,258.44,143.15,274.77,154.66,220.35,290.59,221.93,425.45,237.49,275.82,241.3,405.51,306,242.73,331.7,124.61,207.33,543.37,212.02,521.19
256.28,89.437,245.23,154.71,236.52,219.02,231.52,165.65,232.19,235.73,258.91,143.72,275.12,159.44,218.7,290.61,220.6,425.43,236.95,276.02,237.88,407.11,303.43,245.08,331.74,131.83,207.09,542.34,213.99,522.98
256.98,89.42,245.11,154.32,236.03,218.41,230.59,165.15,229.84,236.06,259.67,143.49,274.46,166.78,217.25,289.7,219.85,424.52,236.63,275.27,237.84,408,300.95,248.54,331.89,140.55,207.25,541.46,212.63,523.72
256.64,89.949,244.89,154.84,235.95,218.97,229.43,165.45,226.75,237.25,260.35,144.27,271.94,174.76,216.68,290.11,220.79,425.06,237.29,275.97,238.85,409.79,297.7,251.51,331.28,146.42,207.67,541.45,214.49,527.28
256.85,90.509,244.85,155.07,235.59,219.05,228.81,165.54,225.23,238.07,260.89,144.65,268.37,177.9,215.65,289.97,218.62,424.4,237.04,276.02,239.95,410.46,295.58,255.81,331.26,152.56,208.52,543.67,214.75,528.37
257.02,90.636,245.13,155.09,235.79,219,228.48,165.33,224.15,239.16,261.79,144.85,265.91,180.58,215.35,289.73,218.73,424.28,237.53,276.07,241.2,410.59,294.26,259.28,331.62,160.25,209.74,543.91,219.96,532.13
257.58,90.702,245.47,154.86,235.81,218.54,228.26,165.06,222.31,239.36,262.71,144.66,263.7,184.57,214.64,289.01,217.58,423.52,237.61,275.4,242.81,409.93,291.52,263.42,330.56,166.55,210.41,543.93,222.06,534.07
257.72,91.038,245.85,155.3,236.25,218.86,228.12,165.56,220.97,239.78,263.58,145.03,263.28,188.44,214.83,289.25,217.77,424.15,238.49,275.54,245.93,410.41,289.41,266.17,330.52,172.62,213.87,542.56,225.07,534.74
257.94,91.919,246.25,156.09,236.66,219.36,227.95,166.59,220.01,240.2,264.53,145.55,262.5,190.5,214.87,289.65,218.15,424.48,239.29,275.6,246.83,410.8,287.53,269.32,331.11,179.63,213.89,544.11,227.32,536.59
258.64,92.538,246.72,156.52,236.99,219.61,227.92,167.02,218.78,240.19,265.52,145.99,261.88,195.52,214.74,289.71,218.12,424.94,239.83,275.67,246.63,411.22,284.99,272.25,330.88,183.99,214.38,542.94,232.03,538.49
258.58,92.826,247.22,156.85,237.72,220.04,227.74,167.05,218.02,240.04,266.72,146.65,263.6,198.16,215.17,290.04,218.4,425.47,241.2,276.44,247.9,412.37,283.09,274.64,333.03,191,216.07,543.35,235.66,539.06
259.42,92.448,247.71,156.54,238.03,219.66,227.77,166.56,217.36,239.56,267.62,146.56,265.36,198.99,215.08,289.47,218.2,424.86,241.66,276.12,246.73,412.08,281.16,277.35,335.15,197.16,215.57,543.03,238.15,539.43
260.29,92.204,248.5,156.44,238.97,219.59,228.06,166.2,216.87,239.51,268.96,146.68,267.3,201.92,215.78,289.29,218.94,424.52,243.06,276.28,248.02,412.18,278.78,279.82,337.29,203.21,215.67,543.7,238.86,540.11
260.94,92.452,249.35,156.65,239.73,219.84,228.51,166.23,216.35,239.32,270.16,147.11,268.32,204.97,216.23,289.36,219.42,424.43,244,276.64,247.67,412.57,276.93,281.79,337.67,208.12,214.92,544.72,238.95,540.53
261.85,92.877,250.49,157.19,240.99,220.42,229.1,166.37,215.8,239.38,271.89,147.97,269.6,207.35,217.19,289.79,245.89,442.77,245.72,277.54,248.4,413.47,275.44,283.54,338.66,213.39,200.32,507.28,239.82,541.15
262.88,93.167,251.82,157.26,242.61,220.45,230.19,166.72,215.84,239.4,273.47,147.83,271.08,209.85,218.97,289.92,235.07,433.86,247.81,277.36,248.38,412.99,274.62,284.47,340.21,216.91,207.07,524.04,241.04,541.96
264.08,93.208,252.99,157.04,243.82,220.12,231.31,166.67,215.85,239.6,274.71,147.44,274.01,209.93,220.18,289.62,253.11,445.72,249.11,276.77,247.81,412.36,273.96,285.7,342.78,220.93,197.4,497.47,239.29,541.42
265.08,94.21,254.26,158.03,245.09,221.04,232.08,167.48,216.6,240.01,276.47,148.58,276.55,209.99,221.08,290.35,263.9,454.24,250.67,277.73,248.04,413.44,273.88,287.4,344.57,225.27,192.9,478.49,239.68,542.3
266.25,94.567,255.59,158.53,246.45,221.53,232.77,167.68,217.25,240.25,278.4,149.34,277.63,210.21,222.08,290.66,244.81,440.4,252.53,278.44,248.43,414,273.16,289.07,345.01,228.42,202.6,511.22,239.9,542.78
267.4,94.879,256.97,158.99,247.74,222.03,233.66,167.81,217.33,240.52,280.28,150.16,281.43,210.62,222.97,290.94,236.76,433.7,254.08,279.19,248.17,414.86,272.29,290.74,347.14,232.96,206.07,526.77,239.69,542.13
269.9,94.134,258.48,157.43,248.7,220.03,234.74,166.18,217.22,239.93,282.26,148.69,285.23,211.15,223.09,288.5,253.54,438.33,254.78,276.84,248.84,412.32,271.22,292,349.79,236.6,198.47,501.69,237.69,540.61
272.25,93.989,260.51,157.18,250.56,219.51,236.33,165.95,218.17,239.09,284.69,148.44,289.06,211.13,223.96,287.87,246.99,430.66,257.27,275.8,278.97,410.37,270.13,293.59,351.89,240.34,203.5,518.04,231.87,505.07
274.17,93.966,262.35,156.98,252.22,219.24,238.16,165.68,219.12,239.22,286.53,148.27,291.55,211.28,225.47,287.49,247.07,426.33,258.7,275.53,279.66,410.28,269.77,295.53,352.95,243.57,205.49,525.17,236.2,513.55
276.59,93.416,263.99,155.87,253.19,217.7,239.72,164.54,220.59,238.71,288.22,147.17,294.77,212.73,225.83,285.47,248.65,421.87,258.97,273.62,281.45,408.03,269.67,296.72,354.69,248.93,204.97,524.39,236.77,512.84
278.31,93.969,264.98,156.02,253.66,217.55,240.3,164.47,221.51,237.77,289.63,147.58,299.14,214.72,225.82,284.73,266.48,429.35,258.94,273.41,295.15,402.11,269.04,298.06,356.79,253.42,207.41,502.13,232.73,479.01
280.55,93.172,266.55,155.1,254.74,216.38,241.7,163.26,222.68,238.16,291.4,146.95,302.92,216.84,226.16,283.2,281.15,453.38,259.69,272.16,250.22,408.04,269.02,299.72,358.96,258.38,210.65,461.57,237.19,535.69
282.62,92.508,268.13,154.33,255.9,215.43,243.13,162.24,223.41,238.02,293.09,146.39,304.79,217.89,226.86,281.89,273.75,430.13,260.5,271.21,253.57,404.39,269.18,300.74,359.47,262.84,223.29,400.27,244.98,530.93
284.58,92.093,269.7,154.02,257.39,215.12,244.76,161.97,226.95,240.2,294.64,146.11,306.03,218.82,228.2,281.58,269.5,420.41,261.94,270.86,255.71,402.67,272.15,305.5,359.51,265.25,231.95,342.46,248.7,528.65
285.85,93.195,271.05,155.24,258.66,216.3,246.29,163.26,228.88,240.35,295.82,147.22,306.78,219.1,229.58,282.76,267.36,417.41,262.94,271.93,259.47,402.1,273.54,305.96,358.54,269.06,237.97,315.51,255.65,526.91
287.45,94.789,272.71,156.8,260.28,217.76,248.26,165.11,230.56,240.24,297.15,148.46,307.44,220.29,231.17,284.36,268.45,415.95,264.48,273.05,262.35,401.8,275.14,306.22,358.06,271.36,239.51,301.5,260.03,525.42
289,95.577,274.38,157.56,261.98,218.55,250.6,166.34,233.63,240.95,298.15,148.82,307.17,221.81,233.57,285.45,270.12,415.25,265.62,273.63,264.89,406.76,277.87,307.9,355.42,273.93,241.27,294.41,264.08,536.75
290.81,95.483,276.07,157.47,263.55,218.46,253.34,166.8,237.61,243.11,298.76,148.14,305.11,222.02,235.81,285.72,268.91,416.12,266.29,273.22,254.79,405.62,282.47,310.24,353.89,275.27,244.71,291.02,243.68,533.16
293.01,95.748,277.68,157.23,264.76,217.89,256.15,167.4,242.94,246.36,299.21,147.06,303.23,221.13,237.52,285.29,268.82,416.16,266.15,271.77,297.39,402.36,288.94,313.41,350.72,278.2,246.5,289.01,274.77,273.61
294.78,96.913,279.45,158.19,266.53,218.89,258.97,168.97,248.08,247.87,299.9,147.4,306.24,223.62,239.99,286.76,270.33,417.83,267.25,272.41,254.52,406.41,293.85,316.17,351.19,285.32,248.96,289.6,235.47,531.47
296.27,98.043,281.16,159.72,268.26,220.57,261.93,171.02,252.99,249.55,300.39,148.46,303.73,224.5,242.57,288.92,271.45,420.48,268.2,273.9,256.61,408.8,298.4,318.04,348.87,286.04,250.89,291.54,236.34,530.71
298.6,98.253,283.29,159.64,270.1,220.27,265.28,171.7,257.31,250.77,301.26,147.58,307.12,228.68,244.9,288.95,271.7,421.25,268.89,272.84,258.42,408.1,303.47,318.7,349.11,295.02,252.18,291.83,235.52,528.41
300.83,100.09,285.23,161.07,271.68,221.15,268.58,174.32,263.39,252.86,301.92,147.79,304.21,226.65,246.95,290.07,271.29,423.36,269.22,272.38,258.16,407.12,309.93,320.85,345.73,294.56,254.08,293.66,236.08,528.94
303.53,100.03,287.79,160.54,273.86,220.1,272.52,175.04,269.2,254.84,303.07,146.04,301.81,224.53,249.68,289.37,273.13,423.15,270.22,269.88,293.7,403.7,315.51,322.86,343.06,292.69,256.5,293.59,277.07,274
306.42,100.45,290.45,161.03,276.29,220.33,276.58,176.39,275.01,256.42,304.35,145.63,308.58,234.03,252.84,289.92,274.41,424.21,271.44,269.32,259.66,403.75,322.31,324.38,346.33,305.64,257.45,294.73,238.56,526.97
309.15,102,293,162.55,278.36,221.71,280.47,178.42,280.39,257.79,305.55,146.64,312.9,238.62,255.38,291.56,274.37,426.48,272.14,270.31,259.58,405.08,328.08,325.41,346.33,313.91,257.55,296.9,236.76,524.17
311.99,102.85,295.61,162.7,280.55,220.91,284.21,180.17,286.12,259.59,307.01,145.23,314.75,244.57,257.89,290.83,274.5,426.24,273.11,267.48,258.86,401.6,334.03,327.14,349.08,320.51,258.98,296.37,236.55,520.63
314.01,105.61,297.64,165.27,282.18,223.08,287.74,183.82,292.19,262.14,307.54,146.73,316.4,246,260.13,293.24,273.94,429.12,273.36,268.51,259.9,402.76,340.4,329.33,349.05,323.84,260.24,299.13,234.39,521.01
317.22,106.24,300.2,166.43,284.17,224.35,291.4,184.94,296.52,263.77,308.96,147.88,317.7,246.52,262.56,294.12,274.89,430.28,273.8,270.41,286.13,406.61,345.14,330.04,349.64,325.2,262,300.28,273.24,276.57
319.86,107.73,302.69,167.23,286.43,224.68,295.08,186.84,301.02,265.35,310.3,147.61,318.32,246.81,265.22,294.9,276.13,431.21,275.14,269.29,260.56,401.43,350.78,330.94,351.18,325.61,263.31,301.38,234.14,520.29
322.24,109.07,304.63,168.02,288.06,224.88,298.91,188.98,305.59,267.23,310.36,147.05,319.6,246.7,267.68,295.63,276.91,432.13,275.25,267.91,260.27,400.42,354.95,333.27,352.09,325.97,263.18,302.36,233.21,518.21
324.12,111.03,306.42,169.64,289.21,226.25,302.17,191.28,310.35,269.63,310.65,148.03,318.32,233.32,269.2,297.18,275.15,433.85,274.83,268.49,261.75,401.78,359.77,336.02,347.58,314.61,264.05,304.22,232.76,516.25
325.69,113.6,307.64,171.96,289.86,228.22,304.85,194.31,315.29,271.39,310.42,149.6,317.54,236.34,270.24,299.35,275.13,436.05,273.93,269.63,260.02,401.56,363.69,339.01,343.82,319.18,264.48,306.55,233.14,520.41
328.09,115.3,308.98,172.76,290.12,228.19,308.09,196.35,319.73,273.85,309.9,149.17,316.24,236.84,270.66,299.31,274.85,436.04,271.87,267.86,258.36,399,369.18,340.49,339.84,320.93,263.92,306.46,232.85,519.65
330.63,117.21,310.48,173.91,290.36,228.37,310.77,198.56,324.28,275.57,310.18,149.26,315.69,237.59,270.47,299.26,274.21,435.92,270.08,266.43,258.29,398.05,374.12,341.85,336.9,322.73,264,306.79,234.59,517.92
333.2,118.78,312.2,174.75,291.47,228.38,314.06,200.7,328.75,277.03,310.3,148.76,315.05,237.5,272.01,299.31,276.56,435.92,269.52,264.69,260.01,396.67,379.28,342.61,334.08,323.5,266.3,306.95,236.34,516.12
334.86,121.66,312.99,177.23,291.5,230.13,316.01,204.17,333.65,278.26,309.96,150.33,313.98,239.28,271.99,300.84,274.84,437.44,268.01,265.2,270.86,401.87,384.5,343.52,331.06,325.97,265.22,308.56,261.21,272.96
337.57,123.59,314.49,178.76,292.07,230.88,318.62,206.57,339.05,279.66,310.37,150.95,313.75,240.1,272.37,301.31,275.77,437.96,266.93,264.7,270.32,401.39,391.11,343.51,329.09,327.35,265.28,308.99,259.87,272.38
339.53,126.83,315.92,181.35,292.5,232.53,320.82,210.04,344.02,280.59,311,152.63,313.89,241.91,272.32,302.63,275.81,439.34,265.86,264.83,269.35,401.57,397.3,342.88,327.66,329.6,264.71,310.12,258.25,272.32
